Date,Recorder,Site,Block,Plot,Quadrant,Species (Nell),Species,Cover,Notes,what3words,survey
2022-07-11,Nell Pates,Boothby,NW,322,1,beans,Vicia faba,100,,lake.outgrown.excuse,A
2022-07-11,Nell Pates,Boothby,NW,322,1,bare soil,bare soil,80,,lake.outgrown.excuse,A
2022-07-11,Nell Pates,Boothby,NW,322,1,stones,stones,5,,lake.outgrown.excuse,A
2022-07-11,Nell Pates,Boothby,NW,322,1,dead leaves,dead leaves,40,,lake.outgrown.excuse,A
2022-07-11,Nell Pates,Boothby,NW,322,2,beans,Vicia faba,100,,lake.outgrown.excuse,A
2022-07-11,Nell Pates,Boothby,NW,322,2,bare soil,bare soil,90,,lake.outgrown.excuse,A
2022-07-11,Nell Pates,Boothby,NW,322,2,dead leaves,dead leaves,35,,lake.outgrown.excuse,A
2022-07-11,Nell Pates,Boothby,NW,322,3,beans,Vicia faba,85,,lake.outgrown.excuse,A
2022-07-11,Nell Pates,Boothby,NW,322,3,bare soil,bare soil,95,,lake.outgrown.excuse,A
2022-07-11,Nell Pates,Boothby,NW,322,3,stones,stones,2,,lake.outgrown.excuse,A
2022-07-11,Nell Pates,Boothby,NW,322,3,dead leaves,dead leaves,50,,lake.outgrown.excuse,A
2022-07-11,Nell Pates,Boothby,NW,322,4,beans,Vicia faba,95,,lake.outgrown.excuse,A
2022-07-11,Nell Pates,Boothby,NW,322,4,bare soil,bare soil,90,,lake.outgrown.excuse,A
2022-07-11,Nell Pates,Boothby,NW,322,4,dead leaves,dead leaves,35,,lake.outgrown.excuse,A
2022-07-11,Nell Pates,Boothby,NW,311,1,grass crop,Triticum aestivum,100,,forkfull.firework.craziest,A
2022-07-11,Nell Pates,Boothby,NW,311,1,bare soil,bare soil,50,,forkfull.firework.craziest,A
2022-07-11,Nell Pates,Boothby,NW,311,2,grass crop,Triticum aestivum,100,,forkfull.firework.craziest,A
2022-07-11,Nell Pates,Boothby,NW,311,2,bare soil,bare soil,50,,forkfull.firework.craziest,A
2022-07-11,Nell Pates,Boothby,NW,311,3,grass crop,Triticum aestivum,95,,forkfull.firework.craziest,A
2022-07-11,Nell Pates,Boothby,NW,311,3,bare soil,bare soil,70,,forkfull.firework.craziest,A
2022-07-11,Nell Pates,Boothby,NW,311,4,grass crop,Triticum aestivum,100,,forkfull.firework.craziest,A
2022-07-11,Nell Pates,Boothby,NW,311,4,bare soil,bare soil,50,,forkfull.firework.craziest,A
2022-07-11,Nell Pates,Boothby,NW,333,1,grass crop,Triticum aestivum,100,,became.jetted.roadshow,A
2022-07-11,Nell Pates,Boothby,NW,333,1,bare soil,bare soil,75,,became.jetted.roadshow,A
2022-07-11,Nell Pates,Boothby,NW,333,1,shoot 1,Geranium molle,0.1,,became.jetted.roadshow,A
2022-07-11,Nell Pates,Boothby,NW,333,1,shoot 2,Chenopodium ficifolium,0.1,,became.jetted.roadshow,A
2022-07-11,Nell Pates,Boothby,NW,333,1,stones,stones,5,,became.jetted.roadshow,A
2022-07-11,Nell Pates,Boothby,NW,333,2,grass crop,Triticum aestivum,90,,became.jetted.roadshow,A
2022-07-11,Nell Pates,Boothby,NW,333,2,bare soil,bare soil,80,,became.jetted.roadshow,A
2022-07-11,Nell Pates,Boothby,NW,333,2,stones,stones,10,,became.jetted.roadshow,A
2022-07-11,Nell Pates,Boothby,NW,333,3,grass crop,Triticum aestivum,100,,became.jetted.roadshow,A
2022-07-11,Nell Pates,Boothby,NW,333,3,bare soil,bare soil,75,,became.jetted.roadshow,A
2022-07-11,Nell Pates,Boothby,NW,333,3,stones,stones,5,,became.jetted.roadshow,A
2022-07-11,Nell Pates,Boothby,NW,333,3,shoot 3,Galium aparine,0.1,,became.jetted.roadshow,A
2022-07-11,Nell Pates,Boothby,NW,333,4,grass crop,Triticum aestivum,100,,became.jetted.roadshow,A
2022-07-11,Nell Pates,Boothby,NW,333,4,bare soil,bare soil,70,,became.jetted.roadshow,A
2022-07-11,Nell Pates,Boothby,NW,333,4,stones,stones,10,,became.jetted.roadshow,A
2022-07-11,Nell Pates,Boothby,NW,133,1,Grass 1 - Arrhen,Arrhenatherum elatius,10,,festivity.conveying.proofread,A
2022-07-11,Nell Pates,Boothby,NW,133,1,Grass 2 - Timothy,Phleum pratense,5,,festivity.conveying.proofread,A
2022-07-11,Nell Pates,Boothby,NW,133,1,Grass 3 - cocksfoot,Dactylis glomerata,1,,festivity.conveying.proofread,A
2022-07-11,Nell Pates,Boothby,NW,133,1,Umbellifer,Daucus carota,5,,festivity.conveying.proofread,A
2022-07-11,Nell Pates,Boothby,NW,133,1,C. nigra,Centaurea nigra,4,,festivity.conveying.proofread,A
2022-07-11,Nell Pates,Boothby,NW,133,1,Shrub / sapling,Prunus spinosa,50,,festivity.conveying.proofread,A
2022-07-11,Nell Pates,Boothby,NW,133,1,Bramble,Rubus fructicosus,35,,festivity.conveying.proofread,A
2022-07-11,Nell Pates,Boothby,NW,133,1,vetch - purple flowers,Vicia tetraspermae,10,,festivity.conveying.proofread,A
2022-07-11,Nell Pates,Boothby,NW,133,1,senesced grass,senesced grass,40,,festivity.conveying.proofread,A
2022-07-11,Nell Pates,Boothby,NW,133,1,Lotus?,Lotus corniculatus,0.1,,festivity.conveying.proofread,A
2022-07-11,Nell Pates,Boothby,NW,133,2,Grass 1 - Arrhen,Arrhenatherum elatius,15,,festivity.conveying.proofread,A
2022-07-11,Nell Pates,Boothby,NW,133,2,Grass 2 - Timothy,Phleum pratense,10,,festivity.conveying.proofread,A
2022-07-11,Nell Pates,Boothby,NW,133,2,Grass 4 - poa?,Poa trivialis,3,,festivity.conveying.proofread,A
2022-07-11,Nell Pates,Boothby,NW,133,2,Umbellifer,Daucus carota,25,,festivity.conveying.proofread,A
2022-07-11,Nell Pates,Boothby,NW,133,2,C. nigra,Centaurea nigra,11,,festivity.conveying.proofread,A
2022-07-11,Nell Pates,Boothby,NW,133,2,Shrub / sapling,Prunus spinosa,40,,festivity.conveying.proofread,A
2022-07-11,Nell Pates,Boothby,NW,133,2,Bramble,Rubus fructicosus,50,,festivity.conveying.proofread,A
2022-07-11,Nell Pates,Boothby,NW,133,2,vetch - purple flowers,Vicia tetraspermae,10,,festivity.conveying.proofread,A
2022-07-11,Nell Pates,Boothby,NW,133,2,Grass 5 - brome?,Festuca rubra,0.1,,festivity.conveying.proofread,A
2022-07-11,Nell Pates,Boothby,NW,133,2,senesced grass,senesced grass,50,,festivity.conveying.proofread,A
2022-07-11,Nell Pates,Boothby,NW,133,2,Grass 6 - tight to stalk,Cynosurus cristatus,1,,festivity.conveying.proofread,A
2022-07-11,Nell Pates,Boothby,NW,133,3,Grass 1 - Arrhen,Arrhenatherum elatius,5,,festivity.conveying.proofread,A
2022-07-11,Nell Pates,Boothby,NW,133,3,Grass 2 - Timothy,Phleum pratense,5,,festivity.conveying.proofread,A
2022-07-11,Nell Pates,Boothby,NW,133,3,Grass 3 - cocksfoot,Dactylis glomerata,0.5,,festivity.conveying.proofread,A
2022-07-11,Nell Pates,Boothby,NW,133,3,Grass 4 - poa?,Agrostis capillaris,5,,festivity.conveying.proofread,A
2022-07-11,Nell Pates,Boothby,NW,133,3,Grass 5 - brome?,Festuca rubra,0.1,,festivity.conveying.proofread,A
2022-07-11,Nell Pates,Boothby,NW,133,3,Umbellifer,Daucus carota,10,,festivity.conveying.proofread,A
2022-07-11,Nell Pates,Boothby,NW,133,3,Shrub / sapling,Prunus spinosa,20,,festivity.conveying.proofread,A
2022-07-11,Nell Pates,Boothby,NW,133,3,Bramble,Rubus fructicosus,50,,festivity.conveying.proofread,A
2022-07-11,Nell Pates,Boothby,NW,133,3,vetch - purple flowers,Vicia tetraspermae,15,,festivity.conveying.proofread,A
2022-07-11,Nell Pates,Boothby,NW,133,3,senesced grass,senesced grass,35,,festivity.conveying.proofread,A
2022-07-11,Nell Pates,Boothby,NW,133,3,"long, thin, fluffy leaf",Cirsium arvense,0.5,,festivity.conveying.proofread,A
2022-07-11,Nell Pates,Boothby,NW,133,3,Rumex sp?,Rumex crispus,0.5,,festivity.conveying.proofread,A
2022-07-11,Nell Pates,Boothby,NW,133,4,Grass 1 - Arrhen,Arrhenatherum elatius,10,,festivity.conveying.proofread,A
2022-07-11,Nell Pates,Boothby,NW,133,4,Grass 2 - Timothy,Phleum pratense,15,,festivity.conveying.proofread,A
2022-07-11,Nell Pates,Boothby,NW,133,4,Grass 3 - cocksfoot,Dactylis glomerata,0.1,,festivity.conveying.proofread,A
2022-07-11,Nell Pates,Boothby,NW,133,4,Grass 4 - poa?,Agrostis capillaris,5,,festivity.conveying.proofread,A
2022-07-11,Nell Pates,Boothby,NW,133,4,Umbellifer,Daucus carota,40,,festivity.conveying.proofread,A
2022-07-11,Nell Pates,Boothby,NW,133,4,C. nigra,Centaurea nigra,15,,festivity.conveying.proofread,A
2022-07-11,Nell Pates,Boothby,NW,133,4,Shrub / sapling,Prunus spinosa,25,,festivity.conveying.proofread,A
2022-07-11,Nell Pates,Boothby,NW,133,4,Bramble,Rubus fructicosus,50,,festivity.conveying.proofread,A
2022-07-11,Nell Pates,Boothby,NW,133,4,vetch - purple flowers,Vicia tetraspermae,8,,festivity.conveying.proofread,A
2022-07-11,Nell Pates,Boothby,NW,133,4,"large, spiky, lumpy leaves",Picris echioides,8,,festivity.conveying.proofread,A
2022-07-11,Nell Pates,Boothby,NW,133,4,senesced grass,senesced grass,10,,festivity.conveying.proofread,A
2022-07-11,Nell Pates,Boothby,NW,113,1,beans,Vicia faba,95,,tensions.tipping.sleepers,A
2022-07-11,Nell Pates,Boothby,NW,113,1,bare soil,bare soil,85,,tensions.tipping.sleepers,A
2022-07-11,Nell Pates,Boothby,NW,113,1,grass sp,Alopecurus myosuroides,10,,tensions.tipping.sleepers,A
2022-07-11,Nell Pates,Boothby,NW,113,1,dead leaves,dead leaves,8,,tensions.tipping.sleepers,A
2022-07-11,Nell Pates,Boothby,NW,113,1,shoot - just leaves,Chenopodium ficifolium,2,,tensions.tipping.sleepers,A
2022-07-11,Nell Pates,Boothby,NW,113,2,beans,Vicia faba,100,,tensions.tipping.sleepers,A
2022-07-11,Nell Pates,Boothby,NW,113,2,bare soil,bare soil,95,,tensions.tipping.sleepers,A
2022-07-11,Nell Pates,Boothby,NW,113,2,grass sp,Alopecurus myosuroides,10,,tensions.tipping.sleepers,A
2022-07-11,Nell Pates,Boothby,NW,113,2,dead leaves,dead leaves,10,,tensions.tipping.sleepers,A
2022-07-11,Nell Pates,Boothby,NW,113,2,shoot - just leaves,Chenopodium ficifolium,4,,tensions.tipping.sleepers,A
2022-07-11,Nell Pates,Boothby,NW,113,2,bindweed,Fallopia convolvulvus,2,,tensions.tipping.sleepers,A
2022-07-11,Nell Pates,Boothby,NW,113,3,beans,Vicia faba,100,,tensions.tipping.sleepers,A
2022-07-11,Nell Pates,Boothby,NW,113,3,bare soil,bare soil,85,,tensions.tipping.sleepers,A
2022-07-11,Nell Pates,Boothby,NW,113,3,grass sp,Alopecurus myosuroides,15,,tensions.tipping.sleepers,A
2022-07-11,Nell Pates,Boothby,NW,113,3,dead leaves,dead leaves,5,,tensions.tipping.sleepers,A
2022-07-11,Nell Pates,Boothby,NW,113,3,shoot - just leaves,Chenopodium ficifolium,2,,tensions.tipping.sleepers,A
2022-07-11,Nell Pates,Boothby,NW,113,4,beans,Vicia faba,100,,tensions.tipping.sleepers,A
2022-07-11,Nell Pates,Boothby,NW,113,4,bare soil,bare soil,85,,tensions.tipping.sleepers,A
2022-07-11,Nell Pates,Boothby,NW,113,4,grass sp,Alopecurus myosuroides,10,,tensions.tipping.sleepers,A
2022-07-11,Nell Pates,Boothby,NW,113,4,dead leaves,dead leaves,10,,tensions.tipping.sleepers,A
2022-07-11,Nell Pates,Boothby,NW,113,4,shoot - just leaves,Chenopodium ficifolium,1,,tensions.tipping.sleepers,A
2022-07-11,Nell Pates,Boothby,NW,112,1,beans,Vicia faba,40,,stamp.undivided.takeovers,A
2022-07-11,Nell Pates,Boothby,NW,112,1,bare soil,bare soil,90,,stamp.undivided.takeovers,A
2022-07-11,Nell Pates,Boothby,NW,112,1,dead leaves,dead leaves,12,,stamp.undivided.takeovers,A
2022-07-11,Nell Pates,Boothby,NW,112,1,grass sp,Alopecurus myosuroides,10,,stamp.undivided.takeovers,A
2022-07-11,Nell Pates,Boothby,NW,112,1,shoot - just leaves,Chenopodium ficifolium,1.5,,stamp.undivided.takeovers,A
2022-07-11,Nell Pates,Boothby,NW,112,2,beans,Vicia faba,95,,stamp.undivided.takeovers,A
2022-07-11,Nell Pates,Boothby,NW,112,2,bare soil,bare soil,95,,stamp.undivided.takeovers,A
2022-07-11,Nell Pates,Boothby,NW,112,2,dead leaves,dead leaves,25,,stamp.undivided.takeovers,A
2022-07-11,Nell Pates,Boothby,NW,112,3,beans,Vicia faba,70,,stamp.undivided.takeovers,A
2022-07-11,Nell Pates,Boothby,NW,112,3,bare soil,bare soil,95,,stamp.undivided.takeovers,A
2022-07-11,Nell Pates,Boothby,NW,112,3,dead leaves,dead leaves,20,,stamp.undivided.takeovers,A
2022-07-11,Nell Pates,Boothby,NW,112,3,grass sp,Alopecurus myosuroides,5,,stamp.undivided.takeovers,A
2022-07-11,Nell Pates,Boothby,NW,112,4,beans,Vicia faba,40,,stamp.undivided.takeovers,A
2022-07-11,Nell Pates,Boothby,NW,112,4,bare soil,bare soil,99,,stamp.undivided.takeovers,A
2022-07-11,Nell Pates,Boothby,NW,112,4,dead leaves,dead leaves,10,,stamp.undivided.takeovers,A
2022-07-11,Nell Pates,Boothby,NW,112,4,different shoot - looks like mint? but not scented,shoot,0.5,too small to ID,stamp.undivided.takeovers,A
2022-07-11,Nell Pates,Boothby,NW,111,1,blackthorn,Prunus spinosa,0,overhang - 100,shuffles.disposal.train,A
2022-07-11,Nell Pates,Boothby,NW,111,1,Hairy grass - broad leaves,Brachypodium sylvaticum,45,,shuffles.disposal.train,A
2022-07-11,Nell Pates,Boothby,NW,111,1,Ground ivy,Glechoma hederacea,6,,shuffles.disposal.train,A
2022-07-11,Nell Pates,Boothby,NW,111,1,bare soil,bare soil,40,,shuffles.disposal.train,A
2022-07-11,Nell Pates,Boothby,NW,111,1,sticks,sticks,20,,shuffles.disposal.train,A
2022-07-11,Nell Pates,Boothby,NW,111,1,moss,moss,5,,shuffles.disposal.train,A
2022-07-11,Nell Pates,Boothby,NW,111,1,nettle,Urtica dioica,0.1,,shuffles.disposal.train,A
2022-07-11,Nell Pates,Boothby,NW,111,1,damaged leaves,shoot,0.1,too small to ID,shuffles.disposal.train,A
2022-07-11,Nell Pates,Boothby,NW,111,2,blackthorn,Prunus spinosa,0,overhang - 100,shuffles.disposal.train,A
2022-07-11,Nell Pates,Boothby,NW,111,2,Hairy grass - broad leaves,Brachypodium sylvaticum,50,,shuffles.disposal.train,A
2022-07-11,Nell Pates,Boothby,NW,111,2,Ground ivy,Glechoma hederacea,3,,shuffles.disposal.train,A
2022-07-11,Nell Pates,Boothby,NW,111,2,bare soil,bare soil,30,,shuffles.disposal.train,A
2022-07-11,Nell Pates,Boothby,NW,111,2,sticks,sticks,10,,shuffles.disposal.train,A
2022-07-11,Nell Pates,Boothby,NW,111,2,moss,moss,2,,shuffles.disposal.train,A
2022-07-11,Nell Pates,Boothby,NW,111,2,dead leaves,dead leaves,15,,shuffles.disposal.train,A
2022-07-11,Nell Pates,Boothby,NW,111,2,senesced grass,senesced grass,15,,shuffles.disposal.train,A
2022-07-11,Nell Pates,Boothby,NW,111,3,blackthorn,Prunus spinosa,0,overhang - 100,shuffles.disposal.train,A
2022-07-11,Nell Pates,Boothby,NW,111,3,Hairy grass - broad leaves,Brachypodium sylvaticum,65,,shuffles.disposal.train,A
2022-07-11,Nell Pates,Boothby,NW,111,3,Ground ivy,Glechoma hederacea,7,,shuffles.disposal.train,A
2022-07-11,Nell Pates,Boothby,NW,111,3,bare soil,bare soil,5,,shuffles.disposal.train,A
2022-07-11,Nell Pates,Boothby,NW,111,3,sticks,sticks,3,,shuffles.disposal.train,A
2022-07-11,Nell Pates,Boothby,NW,111,3,moss,moss,2,,shuffles.disposal.train,A
2022-07-11,Nell Pates,Boothby,NW,111,3,dead leaves,dead leaves,4,,shuffles.disposal.train,A
2022-07-11,Nell Pates,Boothby,NW,111,3,senesced grass,senesced grass,50,,shuffles.disposal.train,A
2022-07-11,Nell Pates,Boothby,NW,111,3,nettle,Urtica dioica,6,,shuffles.disposal.train,A
2022-07-11,Nell Pates,Boothby,NW,111,3,Rumex sp?,Rumex sanguineus,5,,shuffles.disposal.train,A
2022-07-11,Nell Pates,Boothby,NW,111,3,shoots / saplings,Prunus spinosa,3.5,,shuffles.disposal.train,A
2022-07-11,Nell Pates,Boothby,NW,111,4,blackthorn,Prunus spinosa,0,overhang - 100,shuffles.disposal.train,A
2022-07-11,Nell Pates,Boothby,NW,111,4,Hairy grass - broad leaves,Brachypodium sylvaticum,45,,shuffles.disposal.train,A
2022-07-11,Nell Pates,Boothby,NW,111,4,Ground ivy,Glechoma hederacea,5,,shuffles.disposal.train,A
2022-07-11,Nell Pates,Boothby,NW,111,4,bare soil,bare soil,5,,shuffles.disposal.train,A
2022-07-11,Nell Pates,Boothby,NW,111,4,sticks,sticks,5,,shuffles.disposal.train,A
2022-07-11,Nell Pates,Boothby,NW,111,4,dead leaves,dead leaves,5,,shuffles.disposal.train,A
2022-07-11,Nell Pates,Boothby,NW,111,4,senesced grass,senesced grass,30,,shuffles.disposal.train,A
2022-07-11,Nell Pates,Boothby,NW,111,4,shoots / saplings,Prunus spinosa,2,,shuffles.disposal.train,A
2022-07-11,Nell Pates,Boothby,NW,111,4,moss,moss,5,,shuffles.disposal.train,A
2022-07-11,Nell Pates,Boothby,NW,111,4,grass - poa?,Poa trivialis,0.1,,shuffles.disposal.train,A
2022-07-12,Nell Pates,Boothby,NW,122,1,beans,Vicia faba,60,,onlookers.pheasants.waxer,A
2022-07-12,Nell Pates,Boothby,NW,122,1,bare soil,bare soil,95,,onlookers.pheasants.waxer,A
2022-07-12,Nell Pates,Boothby,NW,122,1,dead leaves,dead leaves,30,,onlookers.pheasants.waxer,A
2022-07-12,Nell Pates,Boothby,NW,122,2,beans,Vicia faba,75,,onlookers.pheasants.waxer,A
2022-07-12,Nell Pates,Boothby,NW,122,2,bare soil,bare soil,90,,onlookers.pheasants.waxer,A
2022-07-12,Nell Pates,Boothby,NW,122,2,dead leaves,dead leaves,20,,onlookers.pheasants.waxer,A
2022-07-12,Nell Pates,Boothby,NW,122,2,wheat,Triticum aestivum,3,,onlookers.pheasants.waxer,A
2022-07-12,Nell Pates,Boothby,NW,122,2,dead clump,Senecio vulgaris,4,,onlookers.pheasants.waxer,A
2022-07-12,Nell Pates,Boothby,NW,122,2,shoot - same as yesterday,Chenopodium ficifolium,0.1,,onlookers.pheasants.waxer,A
2022-07-12,Nell Pates,Boothby,NW,122,3,beans,Vicia faba,75,,onlookers.pheasants.waxer,A
2022-07-12,Nell Pates,Boothby,NW,122,3,bare soil,bare soil,80,,onlookers.pheasants.waxer,A
2022-07-12,Nell Pates,Boothby,NW,122,3,dead leaves,dead leaves,20,,onlookers.pheasants.waxer,A
2022-07-12,Nell Pates,Boothby,NW,122,4,beans,Vicia faba,70,,onlookers.pheasants.waxer,A
2022-07-12,Nell Pates,Boothby,NW,122,4,bare soil,bare soil,80,,onlookers.pheasants.waxer,A
2022-07-12,Nell Pates,Boothby,NW,122,4,dead leaves,dead leaves,25,,onlookers.pheasants.waxer,A
2022-07-12,Nell Pates,Boothby,NW,122,4,dead clump - different from Q2?,Senecio vulgaris,10,,onlookers.pheasants.waxer,A
2022-07-12,Nell Pates,Boothby,NW,122,4,tiny shoot,shoot,0.1,too small to ID,onlookers.pheasants.waxer,A
2022-07-12,Nell Pates,Boothby,NW,122,4,wheat,Triticum aestivum,2,,onlookers.pheasants.waxer,A
2022-07-12,Nell Pates,Boothby,NW,211,1,beans,Vicia faba,90,,bluff.hatch.prices,A
2022-07-12,Nell Pates,Boothby,NW,211,1,bare soil,bare soil,80,,bluff.hatch.prices,A
2022-07-12,Nell Pates,Boothby,NW,211,1,dead leaves,dead leaves,25,,bluff.hatch.prices,A
2022-07-12,Nell Pates,Boothby,NW,211,2,beans,Vicia faba,95,,bluff.hatch.prices,A
2022-07-12,Nell Pates,Boothby,NW,211,2,bare soil,bare soil,70,,bluff.hatch.prices,A
2022-07-12,Nell Pates,Boothby,NW,211,2,dead leaves,dead leaves,35,,bluff.hatch.prices,A
2022-07-12,Nell Pates,Boothby,NW,211,2,stones,stones,3,,bluff.hatch.prices,A
2022-07-12,Nell Pates,Boothby,NW,211,3,beans,Vicia faba,70,,bluff.hatch.prices,A
2022-07-12,Nell Pates,Boothby,NW,211,3,bare soil,bare soil,65,,bluff.hatch.prices,A
2022-07-12,Nell Pates,Boothby,NW,211,3,dead leaves,dead leaves,50,,bluff.hatch.prices,A
2022-07-12,Nell Pates,Boothby,NW,211,3,stones,stones,1,,bluff.hatch.prices,A
2022-07-12,Nell Pates,Boothby,NW,211,4,beans,Vicia faba,75,,bluff.hatch.prices,A
2022-07-12,Nell Pates,Boothby,NW,211,4,bare soil,bare soil,60,,bluff.hatch.prices,A
2022-07-12,Nell Pates,Boothby,NW,211,4,dead leaves,dead leaves,25,,bluff.hatch.prices,A
2022-07-12,Nell Pates,Boothby,NW,222,1,beans,Vicia faba,45,,crown.housework.haggle,A
2022-07-12,Nell Pates,Boothby,NW,222,1,bare soil,bare soil,95,,crown.housework.haggle,A
2022-07-12,Nell Pates,Boothby,NW,222,1,dead leaves,dead leaves,25,,crown.housework.haggle,A
2022-07-12,Nell Pates,Boothby,NW,222,2,beans,Vicia faba,60,,crown.housework.haggle,A
2022-07-12,Nell Pates,Boothby,NW,222,2,bare soil,bare soil,90,,crown.housework.haggle,A
2022-07-12,Nell Pates,Boothby,NW,222,2,dead leaves,dead leaves,30,,crown.housework.haggle,A
2022-07-12,Nell Pates,Boothby,NW,222,3,beans,Vicia faba,50,,crown.housework.haggle,A
2022-07-12,Nell Pates,Boothby,NW,222,3,bare soil,bare soil,95,,crown.housework.haggle,A
2022-07-12,Nell Pates,Boothby,NW,222,3,dead leaves,dead leaves,15,,crown.housework.haggle,A
2022-07-12,Nell Pates,Boothby,NW,222,3,shoot ‘carrot',Aethusa cynapium,1,,crown.housework.haggle,A
2022-07-12,Nell Pates,Boothby,NW,222,4,beans,Vicia faba,40,,crown.housework.haggle,A
2022-07-12,Nell Pates,Boothby,NW,222,4,bare soil,bare soil,95,,crown.housework.haggle,A
2022-07-12,Nell Pates,Boothby,NW,222,4,dead leaves,dead leaves,5,,crown.housework.haggle,A
2022-07-12,Nell Pates,Boothby,NW,233,1,beans,Vicia faba,75,,cookies.invoices.boomer,A
2022-07-12,Nell Pates,Boothby,NW,233,1,bare soil,bare soil,95,,cookies.invoices.boomer,A
2022-07-12,Nell Pates,Boothby,NW,233,1,dead leaves,dead leaves,10,,cookies.invoices.boomer,A
2022-07-12,Nell Pates,Boothby,NW,233,2,beans,Vicia faba,80,,cookies.invoices.boomer,A
2022-07-12,Nell Pates,Boothby,NW,233,2,bare soil,bare soil,75,,cookies.invoices.boomer,A
2022-07-12,Nell Pates,Boothby,NW,233,2,dead leaves,dead leaves,25,,cookies.invoices.boomer,A
2022-07-12,Nell Pates,Boothby,NW,233,2,wheat,Triticum aestivum,1,,cookies.invoices.boomer,A
2022-07-12,Nell Pates,Boothby,NW,233,3,beans,Vicia faba,50,,cookies.invoices.boomer,A
2022-07-12,Nell Pates,Boothby,NW,233,3,bare soil,bare soil,90,,cookies.invoices.boomer,A
2022-07-12,Nell Pates,Boothby,NW,233,3,dead leaves,dead leaves,25,,cookies.invoices.boomer,A
2022-07-12,Nell Pates,Boothby,NW,233,4,beans,Vicia faba,90,,cookies.invoices.boomer,A
2022-07-12,Nell Pates,Boothby,NW,233,4,bare soil,bare soil,80,,cookies.invoices.boomer,A
2022-07-12,Nell Pates,Boothby,NW,233,4,dead leaves,dead leaves,30,,cookies.invoices.boomer,A
2022-07-12,Nell Pates,Boothby,C,111,1,beans,Vicia faba,95,,activates.besotted.sleepy,A
2022-07-12,Nell Pates,Boothby,C,111,1,bare soil,bare soil,95,,activates.besotted.sleepy,A
2022-07-12,Nell Pates,Boothby,C,111,1,dead leaves,dead leaves,30,,activates.besotted.sleepy,A
2022-07-12,Nell Pates,Boothby,C,111,2,beans,Vicia faba,100,,activates.besotted.sleepy,A
2022-07-12,Nell Pates,Boothby,C,111,2,bare soil,bare soil,95,,activates.besotted.sleepy,A
2022-07-12,Nell Pates,Boothby,C,111,2,dead leaves,dead leaves,25,,activates.besotted.sleepy,A
2022-07-12,Nell Pates,Boothby,C,111,3,beans,Vicia faba,75,,activates.besotted.sleepy,A
2022-07-12,Nell Pates,Boothby,C,111,3,bare soil,bare soil,80,,activates.besotted.sleepy,A
2022-07-12,Nell Pates,Boothby,C,111,3,dead leaves,dead leaves,25,,activates.besotted.sleepy,A
2022-07-12,Nell Pates,Boothby,C,111,3,shoot - same as yesterday,Chenopodium ficifolium,0.1,,activates.besotted.sleepy,A
2022-07-12,Nell Pates,Boothby,C,111,4,beans,Vicia faba,80,,activates.besotted.sleepy,A
2022-07-12,Nell Pates,Boothby,C,111,4,bare soil,bare soil,85,,activates.besotted.sleepy,A
2022-07-12,Nell Pates,Boothby,C,111,4,dead leaves,dead leaves,40,,activates.besotted.sleepy,A
2022-07-12,Nell Pates,Boothby,C,0,1,Soft brome?,Bromus secalinus,40,,invented.enlighten.soil,A
2022-07-12,Nell Pates,Boothby,C,0,1,Timothy,Phleum pratense,10,,invented.enlighten.soil,A
2022-07-12,Nell Pates,Boothby,C,0,1,T. flavescens?,Festuca rubra,0.1,,invented.enlighten.soil,A
2022-07-12,Nell Pates,Boothby,C,0,1,C. nigra,Centaurea nigra,55,,invented.enlighten.soil,A
2022-07-12,Nell Pates,Boothby,C,0,1,Lotus,Lotus corniculatus,60,,invented.enlighten.soil,A
2022-07-12,Nell Pates,Boothby,C,0,1,Long thin leaves,Centaurea nigra,2,,invented.enlighten.soil,A
2022-07-12,Nell Pates,Boothby,C,0,1,moss,moss,3,,invented.enlighten.soil,A
2022-07-12,Nell Pates,Boothby,C,0,1,carrot’ shoot,Aphanes arvensis,0.1,,invented.enlighten.soil,A
2022-07-12,Nell Pates,Boothby,C,0,1,Trifolium sp? v small,Trifolium repens,0.1,v small and damaged,invented.enlighten.soil,A
2022-07-12,Nell Pates,Boothby,C,0,2,Soft brome?,Bromus secalinus,40,,invented.enlighten.soil,A
2022-07-12,Nell Pates,Boothby,C,0,2,Timothy,Phleum pratense,10,,invented.enlighten.soil,A
2022-07-12,Nell Pates,Boothby,C,0,2,T. flavescens?,Festuca rubra,0.1,,invented.enlighten.soil,A
2022-07-12,Nell Pates,Boothby,C,0,2,C. nigra,Centaurea nigra,90,,invented.enlighten.soil,A
2022-07-12,Nell Pates,Boothby,C,0,2,Lotus,Lotus corniculatus,35,,invented.enlighten.soil,A
2022-07-12,Nell Pates,Boothby,C,0,2,Umbellifer,Daucus carota,10,,invented.enlighten.soil,A
2022-07-12,Nell Pates,Boothby,C,0,2,white clover,Trifolium repens,0.5,,invented.enlighten.soil,A
2022-07-12,Nell Pates,Boothby,C,0,2,A. stolonifera,Poa trivialis,0.1,,invented.enlighten.soil,A
2022-07-12,Nell Pates,Boothby,C,0,2,T dubium?,Trifolium dubium,0.1,very small and damaged,invented.enlighten.soil,A
2022-07-12,Nell Pates,Boothby,C,0,2,dead leaves,dead leaves,40,,invented.enlighten.soil,A
2022-07-12,Nell Pates,Boothby,C,0,3,Soft brome?,Bromus secalinus,25,,invented.enlighten.soil,A
2022-07-12,Nell Pates,Boothby,C,0,3,Timothy,Phleum pratense,5,,invented.enlighten.soil,A
2022-07-12,Nell Pates,Boothby,C,0,3,A. stolonifera,Poa trivialis,2,,invented.enlighten.soil,A
2022-07-12,Nell Pates,Boothby,C,0,3,Grass - tight to stem,Cynosurus cristatus,0.5,,invented.enlighten.soil,A
2022-07-12,Nell Pates,Boothby,C,0,3,C. nigra,Centaurea nigra,75,,invented.enlighten.soil,A
2022-07-12,Nell Pates,Boothby,C,0,3,Lotus,Lotus corniculatus,40,,invented.enlighten.soil,A
2022-07-12,Nell Pates,Boothby,C,0,3,Umbellifer,Daucus carota,5,,invented.enlighten.soil,A
2022-07-12,Nell Pates,Boothby,C,0,4,Soft brome?,Bromus secalinus,15,,invented.enlighten.soil,A
2022-07-12,Nell Pates,Boothby,C,0,4,Timothy,Phleum pratense,3,,invented.enlighten.soil,A
2022-07-12,Nell Pates,Boothby,C,0,4,A. stolonifera,Poa trivialis,5,,invented.enlighten.soil,A
2022-07-12,Nell Pates,Boothby,C,0,4,C. nigra,Centaurea nigra,60,,invented.enlighten.soil,A
2022-07-12,Nell Pates,Boothby,C,0,4,Lotus,Lotus corniculatus,20,,invented.enlighten.soil,A
2022-07-12,Nell Pates,Boothby,C,0,4,Umbellifer,Daucus carota,8,,invented.enlighten.soil,A
2022-07-12,Nell Pates,Boothby,C,0,4,white clover,Trifolium repens,5,,invented.enlighten.soil,A
2022-07-12,Nell Pates,Boothby,C,0,4,dead leaves,dead leaves,25,,invented.enlighten.soil,A
2022-07-12,Nell Pates,Boothby,C,222,1,ash?,Fraxinus sp,0,overhang - 100,organic.boards.riches,A
2022-07-12,Nell Pates,Boothby,C,222,1,blackthorn,Prunus spinosa,0,overhang - 100,organic.boards.riches,A
2022-07-12,Nell Pates,Boothby,C,222,1,grass - brachypodium sylvaticum?,Brachypodium sylvaticum,25,,organic.boards.riches,A
2022-07-12,Nell Pates,Boothby,C,222,1,Bramble,Rubus fructicosus,5,+ overhang - 40,organic.boards.riches,A
2022-07-12,Nell Pates,Boothby,C,222,1,blackthorn,Prunus spinosa,85,,organic.boards.riches,A
2022-07-12,Nell Pates,Boothby,C,222,1,veronica ch,Veronica chamaedrys,5,,organic.boards.riches,A
2022-07-12,Nell Pates,Boothby,C,222,1,moss,moss,90,,organic.boards.riches,A
2022-07-12,Nell Pates,Boothby,C,222,1,dead umbellifer,dead,3,,organic.boards.riches,A
2022-07-12,Nell Pates,Boothby,C,222,1,soft paired leaves - looks like nettle but doesnt sting,Lamium sp,4,,organic.boards.riches,A
2022-07-12,Nell Pates,Boothby,C,222,1,Shrub / sapling,Mercurialis perennis,4,,organic.boards.riches,A
2022-07-12,Nell Pates,Boothby,C,222,1,senesced grass,senesced grass,20,,organic.boards.riches,A
2022-07-12,Nell Pates,Boothby,C,222,1,wrinkly leaves in a group,shoot,2,too small to ID,organic.boards.riches,A
2022-07-12,Nell Pates,Boothby,C,222,2,ash?,Fraxinus sp,0,overhang - 100,organic.boards.riches,A
2022-07-12,Nell Pates,Boothby,C,222,2,blackthorn,Prunus spinosa,0,overhang - 100,organic.boards.riches,A
2022-07-12,Nell Pates,Boothby,C,222,2,grass - brachypodium sylvaticum?,Brachypodium sylvaticum,40,,organic.boards.riches,A
2022-07-12,Nell Pates,Boothby,C,222,2,Bramble,Rubus fructicosus,0,overhang - 25,organic.boards.riches,A
2022-07-12,Nell Pates,Boothby,C,222,2,blackthorn,Prunus spinosa,40,,organic.boards.riches,A
2022-07-12,Nell Pates,Boothby,C,222,2,veronica ch,Veronica chamaedrys,10,,organic.boards.riches,A
2022-07-12,Nell Pates,Boothby,C,222,2,moss,moss,95,,organic.boards.riches,A
2022-07-12,Nell Pates,Boothby,C,222,2,senesced grass,senesced grass,35,,organic.boards.riches,A
2022-07-12,Nell Pates,Boothby,C,222,3,ash?,Fraxinus sp,0,overhang - 100,organic.boards.riches,A
2022-07-12,Nell Pates,Boothby,C,222,3,blackthorn,Prunus spinosa,0,overhang - 100,organic.boards.riches,A
2022-07-12,Nell Pates,Boothby,C,222,3,grass - brachypodium sylvaticum?,Brachypodium sylvaticum,75,,organic.boards.riches,A
2022-07-12,Nell Pates,Boothby,C,222,3,Bramble,Rubus fructicosus,5,,organic.boards.riches,A
2022-07-12,Nell Pates,Boothby,C,222,3,veronica ch,Veronica chamaedrys,8,,organic.boards.riches,A
2022-07-12,Nell Pates,Boothby,C,222,3,moss,moss,70,,organic.boards.riches,A
2022-07-12,Nell Pates,Boothby,C,222,3,senesced grass,senesced grass,45,,organic.boards.riches,A
2022-07-12,Nell Pates,Boothby,C,222,3,Rumex sp?,Rumex sanguineus,5,,organic.boards.riches,A
2022-07-12,Nell Pates,Boothby,C,222,3,carrot sp,Anthriscus sylvestris,4,,organic.boards.riches,A
2022-07-12,Nell Pates,Boothby,C,222,3,R Repens,Ranunculus repens,3,,organic.boards.riches,A
2022-07-12,Nell Pates,Boothby,C,222,3,Tiny shoots,Rubus sp,0.1,,organic.boards.riches,A
2022-07-12,Nell Pates,Boothby,C,222,3,Grass 2 - Deschapsia cespitosa?,Deschampsia caespitosa,2,,organic.boards.riches,A
2022-07-12,Nell Pates,Boothby,C,222,4,ash?,Fraxinus sp,0,overhang - 100,organic.boards.riches,A
2022-07-12,Nell Pates,Boothby,C,222,4,blackthorn,Prunus spinosa,0,overhang - 100,organic.boards.riches,A
2022-07-12,Nell Pates,Boothby,C,222,4,grass - brachypodium sylvaticum?,Brachypodium sylvaticum,40,,organic.boards.riches,A
2022-07-12,Nell Pates,Boothby,C,222,4,Bramble,Rubus fructicosus,15,+ overhang - 15,organic.boards.riches,A
2022-07-12,Nell Pates,Boothby,C,222,4,veronica ch,Veronica chamaedrys,12,,organic.boards.riches,A
2022-07-12,Nell Pates,Boothby,C,222,4,moss,moss,80,,organic.boards.riches,A
2022-07-12,Nell Pates,Boothby,C,222,4,senesced grass,senesced grass,15,,organic.boards.riches,A
2022-07-12,Nell Pates,Boothby,C,222,4,dandelion sp,Taraxacum officinale,2,,organic.boards.riches,A
2022-07-12,Nell Pates,Boothby,C,222,4,blackthorn,Prunus spinosa,40,,organic.boards.riches,A
2022-07-12,Nell Pates,Boothby,NE,333,1,Barley,Hordeum distichum,98,,liquid.trackers.graduated,A
2022-07-12,Nell Pates,Boothby,NE,333,1,bare soil,bare soil,50,,liquid.trackers.graduated,A
2022-07-12,Nell Pates,Boothby,NE,333,1,shoot 1 - daisy?,Matricaria recuitia,0.1,,liquid.trackers.graduated,A
2022-07-12,Nell Pates,Boothby,NE,333,1,shoot 2 - bell flower,Viola arvensis,0.5,,liquid.trackers.graduated,A
2022-07-12,Nell Pates,Boothby,NE,333,1,"shoot 4 - dark, broad leaves - sapling?",shoot,0.5,Too small to ID? CHECK,liquid.trackers.graduated,A
2022-07-12,Nell Pates,Boothby,NE,333,2,Barley,Hordeum distichum,90,,liquid.trackers.graduated,A
2022-07-12,Nell Pates,Boothby,NE,333,2,bare soil,bare soil,75,,liquid.trackers.graduated,A
2022-07-12,Nell Pates,Boothby,NE,333,2,shoot,shoot,0.1,too small to ID,liquid.trackers.graduated,A
2022-07-12,Nell Pates,Boothby,NE,333,2,v damaged stems,shoot,0.1,damaged,liquid.trackers.graduated,A
2022-07-12,Nell Pates,Boothby,NE,333,3,Barley,Hordeum distichum,98,,liquid.trackers.graduated,A
2022-07-12,Nell Pates,Boothby,NE,333,3,bare soil,bare soil,75,,liquid.trackers.graduated,A
2022-07-12,Nell Pates,Boothby,NE,333,3,shoot 1 - daisy?,Matricaria recuitia,0.1,,liquid.trackers.graduated,A
2022-07-12,Nell Pates,Boothby,NE,333,3,"shoot 4 - dark, broad leaves - sapling?",shoot,0.1,Too small to ID?,liquid.trackers.graduated,A
2022-07-12,Nell Pates,Boothby,NE,333,4,Barley,Hordeum distichum,85,,liquid.trackers.graduated,A
2022-07-12,Nell Pates,Boothby,NE,333,4,bare soil,bare soil,75,,liquid.trackers.graduated,A
2022-07-12,Nell Pates,Boothby,NE,333,4,shoot,shoot,0.1,too small to ID,liquid.trackers.graduated,A
2022-07-12,Nell Pates,Boothby,NE,333,4,v damaged shoot,shoot,0.1,damaged,liquid.trackers.graduated,A
2022-07-12,Nell Pates,Boothby,NE,111,1,fluffy grass,Polypogon monspeliensis,100,,liquid.trackers.graduated,A
2022-07-12,Nell Pates,Boothby,NE,111,1,moss,moss,50,,liquid.trackers.graduated,A
2022-07-12,Nell Pates,Boothby,NE,111,1,damaged stem,Taraxacum officinale,0.1,,liquid.trackers.graduated,A
2022-07-12,Nell Pates,Boothby,NE,111,1,shoot - pairs of round leaves,Anagallis arvensis,0.1,,liquid.trackers.graduated,A
2022-07-12,Nell Pates,Boothby,NE,111,1,damaged leaves - ragwort?,Senecio jacobaea,0.1,,liquid.trackers.graduated,A
2022-07-12,Nell Pates,Boothby,NE,111,1,damaged sapling,Sambucus nigra,0.5,,liquid.trackers.graduated,A
2022-07-12,Nell Pates,Boothby,NE,111,1,shoot - half leaf,shoot,0.1,too small to ID,liquid.trackers.graduated,A
2022-07-12,Nell Pates,Boothby,NE,111,2,fluffy grass,Polypogon monspeliensis,100,,liquid.trackers.graduated,A
2022-07-12,Nell Pates,Boothby,NE,111,2,moss,moss,50,,liquid.trackers.graduated,A
2022-07-12,Nell Pates,Boothby,NE,111,2,different dry grass head,Carex flacca,0.1,,liquid.trackers.graduated,A
2022-07-12,Nell Pates,Boothby,NE,111,2,shoot - damaged leaf,Senecio jacobaea,0.1,,liquid.trackers.graduated,A
2022-07-12,Nell Pates,Boothby,NE,111,3,fluffy grass,Polypogon monspeliensis,100,,liquid.trackers.graduated,A
2022-07-12,Nell Pates,Boothby,NE,111,3,moss,moss,25,,liquid.trackers.graduated,A
2022-07-12,Nell Pates,Boothby,NE,111,3,R Repens,Ranunculus repens,2,,liquid.trackers.graduated,A
2022-07-12,Nell Pates,Boothby,NE,111,3,sapling,Acer pseudoplatinus,0.5,,liquid.trackers.graduated,A
2022-07-12,Nell Pates,Boothby,NE,111,3,"small, spiky leaves and shoot",Cirsium arvense,0.1,,liquid.trackers.graduated,A
2022-07-12,Nell Pates,Boothby,NE,111,3,shoot / sapling 2,Aesculus hippocastanum,0.1,,liquid.trackers.graduated,A
2022-07-12,Nell Pates,Boothby,NE,111,4,fluffy grass,Polypogon monspeliensis,100,,liquid.trackers.graduated,A
2022-07-12,Nell Pates,Boothby,NE,111,4,moss,moss,40,,liquid.trackers.graduated,A
2022-07-12,Nell Pates,Boothby,NE,111,4,shoot - paired leaves,shoot,0.1,too small to ID,liquid.trackers.graduated,A
2022-07-12,Nell Pates,Boothby,NE,111,4,shoot / sapling 2,Anagallis arvensis,0.1,,liquid.trackers.graduated,A
2022-07-12,Nell Pates,Boothby,NE,111,4,shoot - single leaf,shoot,0.1,too small to ID,liquid.trackers.graduated,A
2022-07-12,Nell Pates,Boothby,NE,111,4,R Repens,Ranunculus repens,0.5,,liquid.trackers.graduated,A
2022-07-12,Nell Pates,Boothby,NE,111,4,"small, spiky leaves and shoot",Cirsium arvense,0.5,,liquid.trackers.graduated,A
2022-07-12,Nell Pates,Boothby,NE,111,4,shoot - same as shoot 2 in Q3,Aesculus hippocastanum,0.5,,liquid.trackers.graduated,A
2022-07-14,Nell Pates,Boothby,C,322,1,wheat,Triticum aestivum,100,,overdrive.covers.remove,A
2022-07-14,Nell Pates,Boothby,C,322,1,bare soil,bare soil,70,,overdrive.covers.remove,A
2022-07-14,Nell Pates,Boothby,C,322,1,stones,stones,2,,overdrive.covers.remove,A
2022-07-14,Nell Pates,Boothby,C,322,1,green mossy,moss,25,,overdrive.covers.remove,A
2022-07-14,Nell Pates,Boothby,C,322,2,wheat,Triticum aestivum,95,,overdrive.covers.remove,A
2022-07-14,Nell Pates,Boothby,C,322,2,bare soil,bare soil,80,,overdrive.covers.remove,A
2022-07-14,Nell Pates,Boothby,C,322,2,green mossy,moss,50,,overdrive.covers.remove,A
2022-07-14,Nell Pates,Boothby,C,322,3,wheat,Triticum aestivum,100,,overdrive.covers.remove,A
2022-07-14,Nell Pates,Boothby,C,322,3,bare soil,bare soil,65,,overdrive.covers.remove,A
2022-07-14,Nell Pates,Boothby,C,322,3,stones,stones,2,,overdrive.covers.remove,A
2022-07-14,Nell Pates,Boothby,C,322,3,green mossy,moss,50,,overdrive.covers.remove,A
2022-07-14,Nell Pates,Boothby,C,322,4,wheat,Triticum aestivum,100,,overdrive.covers.remove,A
2022-07-14,Nell Pates,Boothby,C,322,4,bare soil,bare soil,60,,overdrive.covers.remove,A
2022-07-14,Nell Pates,Boothby,C,322,4,green mossy,moss,40,,overdrive.covers.remove,A
2022-07-14,Nell Pates,Boothby,C,322,4,stones,stones,1,,overdrive.covers.remove,A
2022-07-14,Nell Pates,Boothby,C,333,1,wheat,Triticum aestivum,80,,trophy.watch.unloads,A
2022-07-14,Nell Pates,Boothby,C,333,1,bare soil,bare soil,75,,trophy.watch.unloads,A
2022-07-14,Nell Pates,Boothby,C,333,1,stones,stones,30,,trophy.watch.unloads,A
2022-07-14,Nell Pates,Boothby,C,333,2,wheat,Triticum aestivum,90,,trophy.watch.unloads,A
2022-07-14,Nell Pates,Boothby,C,333,2,bare soil,bare soil,60,,trophy.watch.unloads,A
2022-07-14,Nell Pates,Boothby,C,333,2,stones,stones,30,,trophy.watch.unloads,A
2022-07-14,Nell Pates,Boothby,C,333,2,green mossy,moss,1,,trophy.watch.unloads,A
2022-07-14,Nell Pates,Boothby,C,333,3,wheat,Triticum aestivum,85,,trophy.watch.unloads,A
2022-07-14,Nell Pates,Boothby,C,333,3,bare soil,bare soil,65,,trophy.watch.unloads,A
2022-07-14,Nell Pates,Boothby,C,333,3,stones,stones,35,,trophy.watch.unloads,A
2022-07-14,Nell Pates,Boothby,C,333,3,shoot,Chenopodium ficifolium,0.5,,trophy.watch.unloads,A
2022-07-14,Nell Pates,Boothby,C,333,4,wheat,Triticum aestivum,80,,trophy.watch.unloads,A
2022-07-14,Nell Pates,Boothby,C,333,4,bare soil,bare soil,75,,trophy.watch.unloads,A
2022-07-14,Nell Pates,Boothby,C,333,4,stones,stones,25,,trophy.watch.unloads,A
2022-07-14,Nell Pates,Boothby,C,333,4,green mossy,moss,0.5,,trophy.watch.unloads,A
2022-07-14,Nell Pates,Boothby,S,111,1,wheat,Triticum aestivum,75,,haunts.explores.firework,A
2022-07-14,Nell Pates,Boothby,S,111,1,bare soil,bare soil,90,,haunts.explores.firework,A
2022-07-14,Nell Pates,Boothby,S,111,1,stones,stones,3,,haunts.explores.firework,A
2022-07-14,Nell Pates,Boothby,S,111,1,green mossy,moss,1,,haunts.explores.firework,A
2022-07-14,Nell Pates,Boothby,S,111,2,wheat,Triticum aestivum,60,,haunts.explores.firework,A
2022-07-14,Nell Pates,Boothby,S,111,2,bare soil,bare soil,80,,haunts.explores.firework,A
2022-07-14,Nell Pates,Boothby,S,111,2,stones,stones,2,,haunts.explores.firework,A
2022-07-14,Nell Pates,Boothby,S,111,2,green mossy,moss,0.5,,haunts.explores.firework,A
2022-07-14,Nell Pates,Boothby,S,111,2,yellow flower shoot,Sonchus asper,0.5,,haunts.explores.firework,A
2022-07-14,Nell Pates,Boothby,S,111,3,wheat,Triticum aestivum,100,,haunts.explores.firework,A
2022-07-14,Nell Pates,Boothby,S,111,3,bare soil,bare soil,50,,haunts.explores.firework,A
2022-07-14,Nell Pates,Boothby,S,111,3,stones,stones,10,,haunts.explores.firework,A
2022-07-14,Nell Pates,Boothby,S,111,3,green mossy,moss,8,,haunts.explores.firework,A
2022-07-14,Nell Pates,Boothby,S,111,4,wheat,Triticum aestivum,100,,haunts.explores.firework,A
2022-07-14,Nell Pates,Boothby,S,111,4,bare soil,bare soil,60,,haunts.explores.firework,A
2022-07-14,Nell Pates,Boothby,S,111,4,stones,stones,2,,haunts.explores.firework,A
2022-07-14,Nell Pates,Boothby,S,111,4,green mossy,moss,10,,haunts.explores.firework,A
2022-07-14,Nell Pates,Boothby,S,132,1,wheat,Triticum aestivum,90,,fronted.triads.apes,A
2022-07-14,Nell Pates,Boothby,S,132,1,bare soil,bare soil,70,,fronted.triads.apes,A
2022-07-14,Nell Pates,Boothby,S,132,1,stones,stones,5,,fronted.triads.apes,A
2022-07-14,Nell Pates,Boothby,S,132,1,green mossy,moss,30,,fronted.triads.apes,A
2022-07-14,Nell Pates,Boothby,S,132,1,shoot 1,Senecio vulgaris,0.1,v small,fronted.triads.apes,A
2022-07-14,Nell Pates,Boothby,S,132,1,shoot 2 - tiny damaged,shoot,0.1,damaged,fronted.triads.apes,A
2022-07-14,Nell Pates,Boothby,S,132,2,wheat,Triticum aestivum,85,,fronted.triads.apes,A
2022-07-14,Nell Pates,Boothby,S,132,2,bare soil,bare soil,75,,fronted.triads.apes,A
2022-07-14,Nell Pates,Boothby,S,132,2,stones,stones,3,,fronted.triads.apes,A
2022-07-14,Nell Pates,Boothby,S,132,2,green mossy,moss,10,,fronted.triads.apes,A
2022-07-14,Nell Pates,Boothby,S,132,2,shoot 3 - wrinkly leaves,Senecio vulgaris,0.1,,fronted.triads.apes,A
2022-07-14,Nell Pates,Boothby,S,132,2,shoot 4 - paired leaves,tbd - with Mick,0.1,too small to ID,fronted.triads.apes,A
2022-07-14,Nell Pates,Boothby,S,132,3,wheat,Triticum aestivum,80,,fronted.triads.apes,A
2022-07-14,Nell Pates,Boothby,S,132,3,bare soil,bare soil,80,,fronted.triads.apes,A
2022-07-14,Nell Pates,Boothby,S,132,3,stones,stones,4,,fronted.triads.apes,A
2022-07-14,Nell Pates,Boothby,S,132,3,green mossy,moss,65,,fronted.triads.apes,A
2022-07-14,Nell Pates,Boothby,S,132,3,yellow flower,Senecio vulgaris,0.1,,fronted.triads.apes,A
2022-07-14,Nell Pates,Boothby,S,132,4,wheat,Triticum aestivum,75,,fronted.triads.apes,A
2022-07-14,Nell Pates,Boothby,S,132,4,bare soil,bare soil,80,,fronted.triads.apes,A
2022-07-14,Nell Pates,Boothby,S,132,4,stones,stones,3,,fronted.triads.apes,A
2022-07-14,Nell Pates,Boothby,S,132,4,green mossy,moss,55,,fronted.triads.apes,A
2022-07-14,Nell Pates,Boothby,S,132,4,yellow flower,Senecio vulgaris,0.5,,fronted.triads.apes,A
2022-07-14,Nell Pates,Boothby,S,313,1,Barley,Hordeum distichum,90,,sprouting.alcove.prancing,A
2022-07-14,Nell Pates,Boothby,S,313,1,bare soil,bare soil,75,,sprouting.alcove.prancing,A
2022-07-14,Nell Pates,Boothby,S,313,2,Barley,Hordeum distichum,75,,sprouting.alcove.prancing,A
2022-07-14,Nell Pates,Boothby,S,313,2,bare soil,bare soil,85,,sprouting.alcove.prancing,A
2022-07-14,Nell Pates,Boothby,S,313,3,Barley,Hordeum distichum,98,,sprouting.alcove.prancing,A
2022-07-14,Nell Pates,Boothby,S,313,3,bare soil,bare soil,50,,sprouting.alcove.prancing,A
2022-07-14,Nell Pates,Boothby,S,313,4,Barley,Hordeum distichum,99,,sprouting.alcove.prancing,A
2022-07-14,Nell Pates,Boothby,S,313,4,bare soil,bare soil,50,,sprouting.alcove.prancing,A
2022-07-14,Nell Pates,Boothby,S,313,4,bark,bark,2,,sprouting.alcove.prancing,A
2022-07-14,Nell Pates,Boothby,S,213,1,wheat,Triticum aestivum,90,,doted.replenish.lyricism,A
2022-07-14,Nell Pates,Boothby,S,213,1,bare soil,bare soil,75,,doted.replenish.lyricism,A
2022-07-14,Nell Pates,Boothby,S,213,1,stones,stones,2,,doted.replenish.lyricism,A
2022-07-14,Nell Pates,Boothby,S,213,1,green mossy,moss,50,,doted.replenish.lyricism,A
2022-07-14,Nell Pates,Boothby,S,213,2,wheat,Triticum aestivum,95,,doted.replenish.lyricism,A
2022-07-14,Nell Pates,Boothby,S,213,2,bare soil,bare soil,70,,doted.replenish.lyricism,A
2022-07-14,Nell Pates,Boothby,S,213,2,stones,stones,2,,doted.replenish.lyricism,A
2022-07-14,Nell Pates,Boothby,S,213,2,green mossy,moss,40,,doted.replenish.lyricism,A
2022-07-14,Nell Pates,Boothby,S,213,3,wheat,Triticum aestivum,95,,doted.replenish.lyricism,A
2022-07-14,Nell Pates,Boothby,S,213,3,bare soil,bare soil,60,,doted.replenish.lyricism,A
2022-07-14,Nell Pates,Boothby,S,213,3,stones,stones,4,,doted.replenish.lyricism,A
2022-07-14,Nell Pates,Boothby,S,213,3,green mossy,moss,50,,doted.replenish.lyricism,A
2022-07-14,Nell Pates,Boothby,S,213,4,wheat,Triticum aestivum,90,,doted.replenish.lyricism,A
2022-07-14,Nell Pates,Boothby,S,213,4,bare soil,bare soil,80,,doted.replenish.lyricism,A
2022-07-14,Nell Pates,Boothby,S,213,4,stones,stones,2,,doted.replenish.lyricism,A
2022-07-14,Nell Pates,Boothby,S,213,4,green mossy,moss,40,,doted.replenish.lyricism,A
2022-07-14,Nell Pates,Boothby,S,222,1,wheat,Triticum aestivum,95,,audibly.adjusting.clan,A
2022-07-14,Nell Pates,Boothby,S,222,1,bare soil,bare soil,65,,audibly.adjusting.clan,A
2022-07-14,Nell Pates,Boothby,S,222,1,green mossy,moss,10,,audibly.adjusting.clan,A
2022-07-14,Nell Pates,Boothby,S,222,1,carrot sp,Aethusa cynapium,8,,audibly.adjusting.clan,A
2022-07-14,Nell Pates,Boothby,S,222,2,wheat,Triticum aestivum,90,,audibly.adjusting.clan,A
2022-07-14,Nell Pates,Boothby,S,222,2,bare soil,bare soil,75,,audibly.adjusting.clan,A
2022-07-14,Nell Pates,Boothby,S,222,2,green mossy,moss,5,,audibly.adjusting.clan,A
2022-07-14,Nell Pates,Boothby,S,222,2,carrot sp,Aethusa cynapium,12,,audibly.adjusting.clan,A
2022-07-14,Nell Pates,Boothby,S,222,3,wheat,Triticum aestivum,75,,audibly.adjusting.clan,A
2022-07-14,Nell Pates,Boothby,S,222,3,bare soil,bare soil,60,,audibly.adjusting.clan,A
2022-07-14,Nell Pates,Boothby,S,222,3,green mossy,moss,5,,audibly.adjusting.clan,A
2022-07-14,Nell Pates,Boothby,S,222,3,carrot sp,Aethusa cynapium,10,,audibly.adjusting.clan,A
2022-07-14,Nell Pates,Boothby,S,222,4,wheat,Triticum aestivum,70,,audibly.adjusting.clan,A
2022-07-14,Nell Pates,Boothby,S,222,4,bare soil,bare soil,85,,audibly.adjusting.clan,A
2022-07-14,Nell Pates,Boothby,S,222,4,green mossy,moss,10,,audibly.adjusting.clan,A
2022-07-14,Nell Pates,Boothby,S,222,4,sticks,sticks,5,,audibly.adjusting.clan,A
2022-07-14,Nell Pates,Boothby,NE,122,1,Barley,Hordeum distichum,98,,uppermost.wiped.gifted,A
2022-07-14,Nell Pates,Boothby,NE,122,1,bare soil,bare soil,50,,uppermost.wiped.gifted,A
2022-07-14,Nell Pates,Boothby,NE,122,1,stones,stones,1,,uppermost.wiped.gifted,A
2022-07-14,Nell Pates,Boothby,NE,122,2,Barley,Hordeum distichum,98,,uppermost.wiped.gifted,A
2022-07-14,Nell Pates,Boothby,NE,122,2,bare soil,bare soil,70,,uppermost.wiped.gifted,A
2022-07-14,Nell Pates,Boothby,NE,122,2,stones,stones,0.5,,uppermost.wiped.gifted,A
2022-07-14,Nell Pates,Boothby,NE,122,3,Barley,Hordeum distichum,80,,uppermost.wiped.gifted,A
2022-07-14,Nell Pates,Boothby,NE,122,3,bare soil,bare soil,80,,uppermost.wiped.gifted,A
2022-07-14,Nell Pates,Boothby,NE,122,3,stones,stones,5,,uppermost.wiped.gifted,A
2022-07-14,Nell Pates,Boothby,NE,122,4,Barley,Hordeum distichum,90,,uppermost.wiped.gifted,A
2022-07-14,Nell Pates,Boothby,NE,122,4,bare soil,bare soil,70,,uppermost.wiped.gifted,A
2022-07-14,Nell Pates,Boothby,NE,122,4,stones,stones,8,,uppermost.wiped.gifted,A
2022-07-14,Nell Pates,Boothby,NE,222,1,Barley,Hordeum distichum,100,,crackled.hunk.monks,A
2022-07-14,Nell Pates,Boothby,NE,222,1,bare soil,bare soil,55,,crackled.hunk.monks,A
2022-07-14,Nell Pates,Boothby,NE,222,1,Barley,Hordeum distichum,98,,crackled.hunk.monks,A
2022-07-14,Nell Pates,Boothby,NE,222,2,bare soil,bare soil,50,,crackled.hunk.monks,A
2022-07-14,Nell Pates,Boothby,NE,222,2,Tall with white flowers (+ shoot) ,Viola arvensis,0.5,,crackled.hunk.monks,A
2022-07-14,Nell Pates,Boothby,NE,222,3,Barley,Hordeum distichum,100,,crackled.hunk.monks,A
2022-07-14,Nell Pates,Boothby,NE,222,3,bare soil,bare soil,75,,crackled.hunk.monks,A
2022-07-14,Nell Pates,Boothby,NE,222,3,shoot - same as Q2,Viola arvensis,0.5,,crackled.hunk.monks,A
2022-07-14,Nell Pates,Boothby,NE,222,4,Barley,Hordeum distichum,98,,crackled.hunk.monks,A
2022-07-14,Nell Pates,Boothby,NE,222,4,bare soil,bare soil,60,,crackled.hunk.monks,A
2022-07-14,Nell Pates,Boothby,NE,222,4,shoot - same as Q2,Viola arvensis,0.5,,crackled.hunk.monks,A
2022-07-18,Nell Pates,Boothby,S,122,1,Barley,Hordeum distichum,75,,sweeping.health.pigment,A
2022-07-18,Nell Pates,Boothby,S,122,1,bare soil,bare soil,65,,sweeping.health.pigment,A
2022-07-18,Nell Pates,Boothby,S,122,2,Barley,Hordeum distichum,75,,sweeping.health.pigment,A
2022-07-18,Nell Pates,Boothby,S,122,2,bare soil,bare soil,75,,sweeping.health.pigment,A
2022-07-18,Nell Pates,Boothby,S,122,3,Barley,Hordeum distichum,95,,sweeping.health.pigment,A
2022-07-18,Nell Pates,Boothby,S,122,3,bare soil,bare soil,50,,sweeping.health.pigment,A
2022-07-18,Nell Pates,Boothby,S,122,3,daisy,Matricaria recuitia,1,,sweeping.health.pigment,A
2022-07-18,Nell Pates,Boothby,S,122,4,Barley,Hordeum distichum,90,,sweeping.health.pigment,A
2022-07-18,Nell Pates,Boothby,S,122,4,bare soil,bare soil,50,,sweeping.health.pigment,A
2022-07-18,Nell Pates,Boothby,S,133,1,grass 1 - cocksfoot,Dactylis glomerata,40,,deck.teach.pizzeria,A
2022-07-18,Nell Pates,Boothby,S,133,1,grass 2 - agrostis stol?,Agrostis stolonifera,20,,deck.teach.pizzeria,A
2022-07-18,Nell Pates,Boothby,S,133,1,grass 3 - lolium perenne?,Elymus repens,10,,deck.teach.pizzeria,A
2022-07-18,Nell Pates,Boothby,S,133,1,nettle,Urtica dioica,20,,deck.teach.pizzeria,A
2022-07-18,Nell Pates,Boothby,S,133,1,thistle,Cirsium arvense,15,,deck.teach.pizzeria,A
2022-07-18,Nell Pates,Boothby,S,133,1,Bramble,Rubus fructicosus,5,,deck.teach.pizzeria,A
2022-07-18,Nell Pates,Boothby,S,133,1,Rumex sp?,Rumex sanguineus,5,,deck.teach.pizzeria,A
2022-07-18,Nell Pates,Boothby,S,133,1,Ground ivy,Glechoma hederacea,15,,deck.teach.pizzeria,A
2022-07-18,Nell Pates,Boothby,S,133,1,galium aparine,Galium aparine,2,,deck.teach.pizzeria,A
2022-07-18,Nell Pates,Boothby,S,133,1,senesced grass,senesced grass,45,,deck.teach.pizzeria,A
2022-07-18,Nell Pates,Boothby,S,133,2,grass 1 - cocksfoot,Dactylis glomerata,25,,deck.teach.pizzeria,A
2022-07-18,Nell Pates,Boothby,S,133,2,grass 2 - agrostis stol?,Poa trivialis,35,,deck.teach.pizzeria,A
2022-07-18,Nell Pates,Boothby,S,133,2,grass 3 - lolium perenne?,Elymus repens,2,,deck.teach.pizzeria,A
2022-07-18,Nell Pates,Boothby,S,133,2,grass 4 - arrhe,Arrhenatherum elatius,2,,deck.teach.pizzeria,A
2022-07-18,Nell Pates,Boothby,S,133,2,nettle,Urtica dioica,8,,deck.teach.pizzeria,A
2022-07-18,Nell Pates,Boothby,S,133,2,thistle,Cirsium arvense,25,,deck.teach.pizzeria,A
2022-07-18,Nell Pates,Boothby,S,133,2,Bramble,Rubus fructicosus,4,+ overhang - 10,deck.teach.pizzeria,A
2022-07-18,Nell Pates,Boothby,S,133,2,Ground ivy,Glechoma hederacea,5,,deck.teach.pizzeria,A
2022-07-18,Nell Pates,Boothby,S,133,2,galium aparine,Galium aparine,5,,deck.teach.pizzeria,A
2022-07-18,Nell Pates,Boothby,S,133,2,senesced grass,senesced grass,60,,deck.teach.pizzeria,A
2022-07-18,Nell Pates,Boothby,S,133,2,Rumex sp?,Rumex sanguineus,2,,deck.teach.pizzeria,A
2022-07-18,Nell Pates,Boothby,S,133,2,tall dead flowers,dead,5,,deck.teach.pizzeria,A
2022-07-18,Nell Pates,Boothby,S,133,3,grass 1 - cocksfoot,Dactylis glomerata,15,,deck.teach.pizzeria,A
2022-07-18,Nell Pates,Boothby,S,133,3,grass 2 - agrostis stol?,Poa trivialis,5,,deck.teach.pizzeria,A
2022-07-18,Nell Pates,Boothby,S,133,3,grass 3 - lolium perenne?,Elymus repens,1,,deck.teach.pizzeria,A
2022-07-18,Nell Pates,Boothby,S,133,3,grass 4 - arrhe,Arrhenatherum elatius,2,,deck.teach.pizzeria,A
2022-07-18,Nell Pates,Boothby,S,133,3,nettle,Urtica dioica,75,,deck.teach.pizzeria,A
2022-07-18,Nell Pates,Boothby,S,133,3,thistle,Cirsium arvense,15,,deck.teach.pizzeria,A
2022-07-18,Nell Pates,Boothby,S,133,3,Rumex sp?,Rumex sanguineus,4,,deck.teach.pizzeria,A
2022-07-18,Nell Pates,Boothby,S,133,3,Ground ivy,Glechoma hederacea,5,,deck.teach.pizzeria,A
2022-07-18,Nell Pates,Boothby,S,133,3,senesced grass,senesced grass,15,,deck.teach.pizzeria,A
2022-07-18,Nell Pates,Boothby,S,133,3,tall dead flowers,dead,5,,deck.teach.pizzeria,A
2022-07-18,Nell Pates,Boothby,S,133,3,bare soil,bare soil,8,,deck.teach.pizzeria,A
2022-07-18,Nell Pates,Boothby,S,133,4,grass 2 - agrostis stol?,Poa trivialis,35,,deck.teach.pizzeria,A
2022-07-18,Nell Pates,Boothby,S,133,4,grass 4 - arrhe,Arrhenatherum elatius,2,,deck.teach.pizzeria,A
2022-07-18,Nell Pates,Boothby,S,133,4,grass 5 - holcus lanatus,Holcus lanatus,2,,deck.teach.pizzeria,A
2022-07-18,Nell Pates,Boothby,S,133,4,nettle,Urtica dioica,10,,deck.teach.pizzeria,A
2022-07-18,Nell Pates,Boothby,S,133,4,thistle,Cirsium arvense,4,,deck.teach.pizzeria,A
2022-07-18,Nell Pates,Boothby,S,133,4,Ground ivy,Glechoma hederacea,2,,deck.teach.pizzeria,A
2022-07-18,Nell Pates,Boothby,S,133,4,senesced grass,senesced grass,50,,deck.teach.pizzeria,A
2022-07-18,Nell Pates,Boothby,C,133,1,beans,Vicia faba,100,mostly flattened,tipping.udder.tangent,A
2022-07-18,Nell Pates,Boothby,C,133,1,bare soil,bare soil,90,,tipping.udder.tangent,A
2022-07-18,Nell Pates,Boothby,C,133,1,dead leaves,dead leaves,15,,tipping.udder.tangent,A
2022-07-18,Nell Pates,Boothby,C,133,2,beans,Vicia faba,100,,tipping.udder.tangent,A
2022-07-18,Nell Pates,Boothby,C,133,2,bare soil,bare soil,90,,tipping.udder.tangent,A
2022-07-18,Nell Pates,Boothby,C,133,2,dead leaves,dead leaves,35,,tipping.udder.tangent,A
2022-07-18,Nell Pates,Boothby,C,133,3,beans,Vicia faba,95,,tipping.udder.tangent,A
2022-07-18,Nell Pates,Boothby,C,133,3,bare soil,bare soil,95,,tipping.udder.tangent,A
2022-07-18,Nell Pates,Boothby,C,133,3,dead leaves,dead leaves,20,,tipping.udder.tangent,A
2022-07-18,Nell Pates,Boothby,C,133,4,beans,Vicia faba,95,,tipping.udder.tangent,A
2022-07-18,Nell Pates,Boothby,C,133,4,bare soil,bare soil,95,,tipping.udder.tangent,A
2022-07-18,Nell Pates,Boothby,C,133,4,dead leaves,dead leaves,15,,tipping.udder.tangent,A
2022-07-18,Nell Pates,Boothby,C,113,1,beans,Vicia faba,85,,matchbox.marbles.readily,A
2022-07-18,Nell Pates,Boothby,C,113,1,bare soil,bare soil,90,,matchbox.marbles.readily,A
2022-07-18,Nell Pates,Boothby,C,113,1,dead leaves,dead leaves,35,,matchbox.marbles.readily,A
2022-07-18,Nell Pates,Boothby,C,113,1,dead skinny stems,dead,4,dead,matchbox.marbles.readily,A
2022-07-18,Nell Pates,Boothby,C,113,2,beans,Vicia faba,90,,matchbox.marbles.readily,A
2022-07-18,Nell Pates,Boothby,C,113,2,bare soil,bare soil,85,,matchbox.marbles.readily,A
2022-07-18,Nell Pates,Boothby,C,113,2,dead leaves,dead leaves,40,,matchbox.marbles.readily,A
2022-07-18,Nell Pates,Boothby,C,113,3,beans,Vicia faba,90,,matchbox.marbles.readily,A
2022-07-18,Nell Pates,Boothby,C,113,3,bare soil,bare soil,75,,matchbox.marbles.readily,A
2022-07-18,Nell Pates,Boothby,C,113,3,dead leaves,dead leaves,45,,matchbox.marbles.readily,A
2022-07-18,Nell Pates,Boothby,C,113,3,wheat,Triticum aestivum,0.5,dead,matchbox.marbles.readily,A
2022-07-18,Nell Pates,Boothby,C,113,4,beans,Vicia faba,80,,matchbox.marbles.readily,A
2022-07-18,Nell Pates,Boothby,C,113,4,bare soil,bare soil,85,,matchbox.marbles.readily,A
2022-07-18,Nell Pates,Boothby,C,113,4,dead leaves,dead leaves,45,,matchbox.marbles.readily,A
2022-07-18,Nell Pates,Boothby,C,122,1,oak,Quercus robur,0,overhang - 15,wire.panthers.permit,A
2022-07-18,Nell Pates,Boothby,C,122,1,hornbeam?,Carpinus betulus,0,overhang - 100,wire.panthers.permit,A
2022-07-18,Nell Pates,Boothby,C,122,1,grass sp,Festuca rubra,0,overhang 55,wire.panthers.permit,A
2022-07-18,Nell Pates,Boothby,C,122,1,bramble,Rubus fructicosus,0,overhang - 25,wire.panthers.permit,A
2022-07-18,Nell Pates,Boothby,C,122,1,dead leaves,dead leaves,90,,wire.panthers.permit,A
2022-07-18,Nell Pates,Boothby,C,122,1,sticks,sticks,10,,wire.panthers.permit,A
2022-07-18,Nell Pates,Boothby,C,122,1,moss,moss,3,,wire.panthers.permit,A
2022-07-18,Nell Pates,Boothby,C,122,1,bare soil,bare soil,2,,wire.panthers.permit,A
2022-07-18,Nell Pates,Boothby,C,122,2,oak,Quercus robur,0,overhang - 15,wire.panthers.permit,A
2022-07-18,Nell Pates,Boothby,C,122,2,hornbeam?,Carpinus betulus,0,overhang - 100,wire.panthers.permit,A
2022-07-18,Nell Pates,Boothby,C,122,2,grass sp,Festuca rubra,70,,wire.panthers.permit,A
2022-07-18,Nell Pates,Boothby,C,122,2,bramble,Rubus fructicosus,4,,wire.panthers.permit,A
2022-07-18,Nell Pates,Boothby,C,122,2,dead leaves,dead leaves,30,,wire.panthers.permit,A
2022-07-18,Nell Pates,Boothby,C,122,2,sticks,sticks,5,,wire.panthers.permit,A
2022-07-18,Nell Pates,Boothby,C,122,2,moss,moss,2,,wire.panthers.permit,A
2022-07-18,Nell Pates,Boothby,C,122,2,bare soil,bare soil,8,,wire.panthers.permit,A
2022-07-18,Nell Pates,Boothby,C,122,3,oak,Quercus robur,0,overhang - 15,wire.panthers.permit,A
2022-07-18,Nell Pates,Boothby,C,122,3,hornbeam?,Carpinus betulus,0,overhang - 100,wire.panthers.permit,A
2022-07-18,Nell Pates,Boothby,C,122,3,grass sp,Festuca rubra,55,,wire.panthers.permit,A
2022-07-18,Nell Pates,Boothby,C,122,3,bramble,Rubus fructicosus,8,+ 10 overhang,wire.panthers.permit,A
2022-07-18,Nell Pates,Boothby,C,122,3,dead leaves,dead leaves,50,,wire.panthers.permit,A
2022-07-18,Nell Pates,Boothby,C,122,3,sticks,sticks,10,,wire.panthers.permit,A
2022-07-18,Nell Pates,Boothby,C,122,3,moss,moss,5,,wire.panthers.permit,A
2022-07-18,Nell Pates,Boothby,C,122,3,bare soil,bare soil,1,,wire.panthers.permit,A
2022-07-18,Nell Pates,Boothby,C,122,3,shoot 1,Fraxinus excelsior,2,,wire.panthers.permit,A
2022-07-18,Nell Pates,Boothby,C,122,3,shoot 2 - bracken?,Dryopteris filix-mas,0.1,,wire.panthers.permit,A
2022-07-18,Nell Pates,Boothby,C,122,3,shoot 3 - ground ivy?,Glechoma hederacea,0.1,,wire.panthers.permit,A
2022-07-18,Nell Pates,Boothby,C,122,4,oak,Quercus robur,0,overhang - 15,wire.panthers.permit,A
2022-07-18,Nell Pates,Boothby,C,122,4,hornbeam?,Carpinus betulus,0,overhang - 100,wire.panthers.permit,A
2022-07-18,Nell Pates,Boothby,C,122,4,grass sp,Festuca rubra,50,overhang - 15,wire.panthers.permit,A
2022-07-18,Nell Pates,Boothby,C,122,4,dead leaves,dead leaves,55,,wire.panthers.permit,A
2022-07-18,Nell Pates,Boothby,C,122,4,sticks,sticks,2,,wire.panthers.permit,A
2022-07-18,Nell Pates,Boothby,C,122,4,moss,moss,10,,wire.panthers.permit,A
2022-07-18,Nell Pates,Boothby,C,122,4,bare soil,bare soil,2,,wire.panthers.permit,A
2022-07-18,Nell Pates,Boothby,C,122,4,shoot 2 - bracken?,Dryopteris filix-mas,1,,wire.panthers.permit,A
2022-07-18,Nell Pates,Boothby,C,122,4,Rumex sp,Rumex crispus,3,,wire.panthers.permit,A
2022-07-18,Nell Pates,Boothby,C,123,1,oak,Quercus robur,0,overhang - 50,trend.greeting.tripods,A
2022-07-18,Nell Pates,Boothby,C,123,1,bramble,Rubus fructicosus,100,,trend.greeting.tripods,A
2022-07-18,Nell Pates,Boothby,C,123,1,sticks,sticks,10,,trend.greeting.tripods,A
2022-07-18,Nell Pates,Boothby,C,123,1,grass / sedge?,Brachypodium sylvaticum,2,,trend.greeting.tripods,A
2022-07-18,Nell Pates,Boothby,C,123,1,G urbanum,Geum urbanum,2,,trend.greeting.tripods,A
2022-07-18,Nell Pates,Boothby,C,123,1,dead leaves,dead leaves,50,,trend.greeting.tripods,A
2022-07-18,Nell Pates,Boothby,C,123,2,oak,Quercus robur,0,overhang - 50,trend.greeting.tripods,A
2022-07-18,Nell Pates,Boothby,C,123,2,bramble,Rubus fructicosus,100,,trend.greeting.tripods,A
2022-07-18,Nell Pates,Boothby,C,123,2,sticks,sticks,15,,trend.greeting.tripods,A
2022-07-18,Nell Pates,Boothby,C,123,2,grass / sedge?,Brachypodium sylvaticum,20,,trend.greeting.tripods,A
2022-07-18,Nell Pates,Boothby,C,123,2,sapling,Acer campestre,15,,trend.greeting.tripods,A
2022-07-18,Nell Pates,Boothby,C,123,2,dead leaves,dead leaves,50,,trend.greeting.tripods,A
2022-07-18,Nell Pates,Boothby,C,123,2,"shoot - twining, hairy, soft paired leaves",Lonicera periclymenum,1,,trend.greeting.tripods,A
2022-07-18,Nell Pates,Boothby,C,123,2,G urbanum,Geum urbanum,4,,trend.greeting.tripods,A
2022-07-18,Nell Pates,Boothby,C,123,3,oak,Quercus robur,0,overhang - 50,trend.greeting.tripods,A
2022-07-18,Nell Pates,Boothby,C,123,3,bramble,Rubus fructicosus,95,,trend.greeting.tripods,A
2022-07-18,Nell Pates,Boothby,C,123,3,sticks,sticks,5,,trend.greeting.tripods,A
2022-07-18,Nell Pates,Boothby,C,123,3,grass / sedge?,Brachypodium sylvaticum,20,,trend.greeting.tripods,A
2022-07-18,Nell Pates,Boothby,C,123,3,dead leaves,dead leaves,50,,trend.greeting.tripods,A
2022-07-18,Nell Pates,Boothby,C,123,4,oak,Quercus robur,0,overhang - 50,trend.greeting.tripods,A
2022-07-18,Nell Pates,Boothby,C,123,4,bramble,Rubus fructicosus,75,,trend.greeting.tripods,A
2022-07-18,Nell Pates,Boothby,C,123,4,grass / sedge?,Brachypodium sylvaticum,35,,trend.greeting.tripods,A
2022-07-18,Nell Pates,Boothby,C,123,4,sticks,sticks,10,,trend.greeting.tripods,A
2022-07-18,Nell Pates,Boothby,C,123,4,dead leaves,dead leaves,50,,trend.greeting.tripods,A
2022-07-19,Nell Pates,Boothby,NE,112,1,Timothy,Phleum pratense,80,,gives.laugh.consoles,A
2022-07-19,Nell Pates,Boothby,NE,112,1,soft brome,Bromus secalinus,2,,gives.laugh.consoles,A
2022-07-19,Nell Pates,Boothby,NE,112,1,Grass - Schedonorus pratensis?,Festuca rubra,4,,gives.laugh.consoles,A
2022-07-19,Nell Pates,Boothby,NE,112,1,C. nigra,Centaurea nigra,0,overhang - 5,gives.laugh.consoles,A
2022-07-19,Nell Pates,Boothby,NE,112,1,bindweed,Convolvulus arvensis,15,,gives.laugh.consoles,A
2022-07-19,Nell Pates,Boothby,NE,112,1,Lotus,Lotus corniculatus,25,,gives.laugh.consoles,A
2022-07-19,Nell Pates,Boothby,NE,112,1,cocksfoot,Dactylis glomerata,0.5,,gives.laugh.consoles,A
2022-07-19,Nell Pates,Boothby,NE,112,1,dandelion sp,Taraxacum officinale,2,,gives.laugh.consoles,A
2022-07-19,Nell Pates,Boothby,NE,112,1,grass - tight to stem,Cynosurus cristatus,2,,gives.laugh.consoles,A
2022-07-19,Nell Pates,Boothby,NE,112,1,clover,Trifolium repens,1,,gives.laugh.consoles,A
2022-07-19,Nell Pates,Boothby,NE,112,1,senesced grass,senesced grass,40,,gives.laugh.consoles,A
2022-07-19,Nell Pates,Boothby,NE,112,2,Timothy,Phleum pratense,65,,gives.laugh.consoles,A
2022-07-19,Nell Pates,Boothby,NE,112,2,Grass - Schedonorus pratensis?,Festuca rubra,1,,gives.laugh.consoles,A
2022-07-19,Nell Pates,Boothby,NE,112,2,C. nigra,Centaurea nigra,20,,gives.laugh.consoles,A
2022-07-19,Nell Pates,Boothby,NE,112,2,bindweed,Convolvulus arvensis,15,,gives.laugh.consoles,A
2022-07-19,Nell Pates,Boothby,NE,112,2,Lotus,Lotus corniculatus,10,,gives.laugh.consoles,A
2022-07-19,Nell Pates,Boothby,NE,112,2,cocksfoot,Dactylis glomerata,0.1,,gives.laugh.consoles,A
2022-07-19,Nell Pates,Boothby,NE,112,2,dandelion sp,Taraxacum officinale,4,,gives.laugh.consoles,A
2022-07-19,Nell Pates,Boothby,NE,112,2,soft brome,Bromus secalinus,0.5,,gives.laugh.consoles,A
2022-07-19,Nell Pates,Boothby,NE,112,2,senesced grass,senesced grass,60,,gives.laugh.consoles,A
2022-07-19,Nell Pates,Boothby,NE,112,2,small Timothy,Phleum bertolonii,3,,gives.laugh.consoles,A
2022-07-19,Nell Pates,Boothby,NE,112,2,Agrostis sp,Poa trivialis,0.5,,gives.laugh.consoles,A
2022-07-19,Nell Pates,Boothby,NE,112,2,Lolium perenne,Lolium perenne,0.1,,gives.laugh.consoles,A
2022-07-19,Nell Pates,Boothby,NE,112,2,buttercup,Ranunculus repens,1,,gives.laugh.consoles,A
2022-07-19,Nell Pates,Boothby,NE,112,3,Timothy,Phleum pratense,25,,gives.laugh.consoles,A
2022-07-19,Nell Pates,Boothby,NE,112,3,Grass - Schedonorus pratensis?,Festuca rubra,15,,gives.laugh.consoles,A
2022-07-19,Nell Pates,Boothby,NE,112,3,soft brome,Bromus secalinus,5,,gives.laugh.consoles,A
2022-07-19,Nell Pates,Boothby,NE,112,3,C. nigra,Centaurea nigra,8,,gives.laugh.consoles,A
2022-07-19,Nell Pates,Boothby,NE,112,3,bindweed,Convolvulus arvensis,10,,gives.laugh.consoles,A
2022-07-19,Nell Pates,Boothby,NE,112,3,Lotus,Lotus corniculatus,10,,gives.laugh.consoles,A
2022-07-19,Nell Pates,Boothby,NE,112,3,cocksfoot,Dactylis glomerata,10,,gives.laugh.consoles,A
2022-07-19,Nell Pates,Boothby,NE,112,3,dandelion sp,Taraxacum officinale,3,,gives.laugh.consoles,A
2022-07-19,Nell Pates,Boothby,NE,112,3,small Timothy,Phleum bertolonii,2,,gives.laugh.consoles,A
2022-07-19,Nell Pates,Boothby,NE,112,3,Agrostis sp,Poa trivialis,4,,gives.laugh.consoles,A
2022-07-19,Nell Pates,Boothby,NE,112,3,tiny green hairy leaf shoots,shoot,0.5,too small to ID,gives.laugh.consoles,A
2022-07-19,Nell Pates,Boothby,NE,112,3,senesced grass,senesced grass,30,,gives.laugh.consoles,A
2022-07-19,Nell Pates,Boothby,NE,112,3,Lolium perenne,Lolium perenne,0.1,,gives.laugh.consoles,A
2022-07-19,Nell Pates,Boothby,NE,112,3,"paired, pale green leaves - sapling? tough stem",Fraxinus excelsior,0.5,,gives.laugh.consoles,A
2022-07-19,Nell Pates,Boothby,NE,112,4,Timothy,Phleum pratense,30,,gives.laugh.consoles,A
2022-07-19,Nell Pates,Boothby,NE,112,4,soft brome,Bromus secalinus,5,,gives.laugh.consoles,A
2022-07-19,Nell Pates,Boothby,NE,112,4,Grass - Schedonorus pratensis?,Festuca rubra,10,,gives.laugh.consoles,A
2022-07-19,Nell Pates,Boothby,NE,112,4,C. nigra,Centaurea nigra,35,,gives.laugh.consoles,A
2022-07-19,Nell Pates,Boothby,NE,112,4,bindweed,Convolvulus arvensis,30,,gives.laugh.consoles,A
2022-07-19,Nell Pates,Boothby,NE,112,4,Lotus,Lotus corniculatus,5,,gives.laugh.consoles,A
2022-07-19,Nell Pates,Boothby,NE,112,4,cocksfoot,Dactylis glomerata,5,,gives.laugh.consoles,A
2022-07-19,Nell Pates,Boothby,NE,112,4,small Timothy,Phleum bertolonii,2,,gives.laugh.consoles,A
2022-07-19,Nell Pates,Boothby,NE,112,4,vetch,Vicia tetraspermae,0.1,"no flowers, quite small",gives.laugh.consoles,A
2022-07-19,Nell Pates,Boothby,NE,112,4,C. fontanum?,Cerastium fontanum,0.5,,gives.laugh.consoles,A
2022-07-19,Nell Pates,Boothby,NE,112,4,senesced grass,senesced grass,25,,gives.laugh.consoles,A
2022-07-19,Nell Pates,Boothby,NE,113,1,Barley,Hordeum distichum,95,,sharpens.visions.recur,A
2022-07-19,Nell Pates,Boothby,NE,113,1,bare soil,bare soil,50,,sharpens.visions.recur,A
2022-07-19,Nell Pates,Boothby,NE,113,2,Barley,Hordeum distichum,80,,sharpens.visions.recur,A
2022-07-19,Nell Pates,Boothby,NE,113,2,bare soil,bare soil,65,,sharpens.visions.recur,A
2022-07-19,Nell Pates,Boothby,NE,113,3,Barley,Hordeum distichum,85,,sharpens.visions.recur,A
2022-07-19,Nell Pates,Boothby,NE,113,3,bare soil,bare soil,60,,sharpens.visions.recur,A
2022-07-19,Nell Pates,Boothby,NE,113,4,Barley,Hordeum distichum,80,,sharpens.visions.recur,A
2022-07-19,Nell Pates,Boothby,NE,113,4,bare soil,bare soil,70,,sharpens.visions.recur,A
2022-07-19,Nell Pates,Boothby,NE,113,4,tiny shoot,shoot,0.1,too small to ID,sharpens.visions.recur,A
2022-07-19,Nell Pates,Boothby,NE,131,1,Timothy,Phleum pratense,50,,minimums.counts.stack,A
2022-07-19,Nell Pates,Boothby,NE,131,1,soft brome,Bromus secalinus,1,,minimums.counts.stack,A
2022-07-19,Nell Pates,Boothby,NE,131,1,Grass - Schedonorus pratensis?,Festuca rubra,2,,minimums.counts.stack,A
2022-07-19,Nell Pates,Boothby,NE,131,1,Lolium perenne,Lolium perenne,5,,minimums.counts.stack,A
2022-07-19,Nell Pates,Boothby,NE,131,1,grass tight to stem,Cynosurus cristatus,1,,minimums.counts.stack,A
2022-07-19,Nell Pates,Boothby,NE,131,1,Agrostis sp,Poa trivialis,10,,minimums.counts.stack,A
2022-07-19,Nell Pates,Boothby,NE,131,1,trifolium repens,Trifolium repens,25,,minimums.counts.stack,A
2022-07-19,Nell Pates,Boothby,NE,131,1,R Repens,Ranunculus repens,20,,minimums.counts.stack,A
2022-07-19,Nell Pates,Boothby,NE,131,1,small Timothy,Phleum bertolonii,2,,minimums.counts.stack,A
2022-07-19,Nell Pates,Boothby,NE,131,1,senesced grass,senesced grass,35,,minimums.counts.stack,A
2022-07-19,Nell Pates,Boothby,NE,131,2,Timothy,Phleum pratense,40,,minimums.counts.stack,A
2022-07-19,Nell Pates,Boothby,NE,131,2,soft brome,Bromus secalinus,2,,minimums.counts.stack,A
2022-07-19,Nell Pates,Boothby,NE,131,2,Grass - Schedonorus pratensis?,Festuca rubra,2,,minimums.counts.stack,A
2022-07-19,Nell Pates,Boothby,NE,131,2,Lolium perenne,Lolium perenne,20,,minimums.counts.stack,A
2022-07-19,Nell Pates,Boothby,NE,131,2,grass tight to stem,Cynosurus cristatus,1,,minimums.counts.stack,A
2022-07-19,Nell Pates,Boothby,NE,131,2,Agrostis sp,Poa trivialis,5,,minimums.counts.stack,A
2022-07-19,Nell Pates,Boothby,NE,131,2,small Timothy,Phleum bertolonii,5,,minimums.counts.stack,A
2022-07-19,Nell Pates,Boothby,NE,131,2,trifolium repens,Trifolium repens,15,,minimums.counts.stack,A
2022-07-19,Nell Pates,Boothby,NE,131,2,R Repens,Ranunculus repens,25,,minimums.counts.stack,A
2022-07-19,Nell Pates,Boothby,NE,131,2,senesced grass,senesced grass,15,,minimums.counts.stack,A
2022-07-19,Nell Pates,Boothby,NE,131,3,Timothy,Phleum pratense,5,,minimums.counts.stack,A
2022-07-19,Nell Pates,Boothby,NE,131,3,soft brome,Bromus secalinus,5,,minimums.counts.stack,A
2022-07-19,Nell Pates,Boothby,NE,131,3,Grass - Schedonorus pratensis?,Festuca rubra,2,,minimums.counts.stack,A
2022-07-19,Nell Pates,Boothby,NE,131,3,Lolium perenne,Lolium perenne,20,,minimums.counts.stack,A
2022-07-19,Nell Pates,Boothby,NE,131,3,grass tight to stem,Cynosurus cristatus,2,,minimums.counts.stack,A
2022-07-19,Nell Pates,Boothby,NE,131,3,Agrostis sp,Poa trivialis,25,,minimums.counts.stack,A
2022-07-19,Nell Pates,Boothby,NE,131,3,small Timothy,Phleum bertolonii,5,,minimums.counts.stack,A
2022-07-19,Nell Pates,Boothby,NE,131,3,trifolium repens,Trifolium repens,20,,minimums.counts.stack,A
2022-07-19,Nell Pates,Boothby,NE,131,3,R Repens,Ranunculus repens,35,,minimums.counts.stack,A
2022-07-19,Nell Pates,Boothby,NE,131,3,senesced grass,senesced grass,25,,minimums.counts.stack,A
2022-07-19,Nell Pates,Boothby,NE,131,3,geranium?,Geranium dissectum,2,,minimums.counts.stack,A
2022-07-19,Nell Pates,Boothby,NE,131,4,Timothy,Phleum pratense,5,,minimums.counts.stack,A
2022-07-19,Nell Pates,Boothby,NE,131,4,soft brome,Bromus secalinus,10,,minimums.counts.stack,A
2022-07-19,Nell Pates,Boothby,NE,131,4,Grass - Schedonorus pratensis?,Festuca rubra,1,,minimums.counts.stack,A
2022-07-19,Nell Pates,Boothby,NE,131,4,Lolium perenne,Lolium perenne,40,,minimums.counts.stack,A
2022-07-19,Nell Pates,Boothby,NE,131,4,grass tight to stem,Cynosurus cristatus,2,,minimums.counts.stack,A
2022-07-19,Nell Pates,Boothby,NE,131,4,Agrostis sp,Poa trivialis,8,,minimums.counts.stack,A
2022-07-19,Nell Pates,Boothby,NE,131,4,trifolium repens,Trifolium repens,45,,minimums.counts.stack,A
2022-07-19,Nell Pates,Boothby,NE,131,4,senesced grass,senesced grass,10,,minimums.counts.stack,A
2022-07-19,Nell Pates,Boothby,NE,131,4,bare soil,bare soil,5,,minimums.counts.stack,A
2022-07-19,Nell Pates,Boothby,NE,131,4,Rumex sp,Rumex crispus,3,,minimums.counts.stack,A
2022-07-19,Nell Pates,Boothby,NE,131,4,barley,Hordeum distichum,1,dead,minimums.counts.stack,A
2022-07-19,Nell Pates,Boothby,NE,133,1,barley,Hordeum distichum,65,,abundance.relocated.shepherdess,A
2022-07-19,Nell Pates,Boothby,NE,133,1,bare soil,bare soil,60,,abundance.relocated.shepherdess,A
2022-07-19,Nell Pates,Boothby,NE,133,1,moss,moss,0.5,,abundance.relocated.shepherdess,A
2022-07-19,Nell Pates,Boothby,NE,133,1,stones,stones,5,,abundance.relocated.shepherdess,A
2022-07-19,Nell Pates,Boothby,NE,133,2,barley,Hordeum distichum,90,,abundance.relocated.shepherdess,A
2022-07-19,Nell Pates,Boothby,NE,133,2,bare soil,bare soil,40,,abundance.relocated.shepherdess,A
2022-07-19,Nell Pates,Boothby,NE,133,2,stones,stones,2,,abundance.relocated.shepherdess,A
2022-07-19,Nell Pates,Boothby,NE,133,2,animal droppings,animal droppings,3,,abundance.relocated.shepherdess,A
2022-07-19,Nell Pates,Boothby,NE,133,3,barley,Hordeum distichum,85,,abundance.relocated.shepherdess,A
2022-07-19,Nell Pates,Boothby,NE,133,3,bare soil,bare soil,60,,abundance.relocated.shepherdess,A
2022-07-19,Nell Pates,Boothby,NE,133,3,stones,stones,2,,abundance.relocated.shepherdess,A
2022-07-19,Nell Pates,Boothby,NE,133,4,barley,Hordeum distichum,85,,abundance.relocated.shepherdess,A
2022-07-19,Nell Pates,Boothby,NE,133,4,bare soil,bare soil,50,,abundance.relocated.shepherdess,A
2022-07-19,Nell Pates,Boothby,NE,133,4,stones,stones,2,,abundance.relocated.shepherdess,A
2022-07-19,Nell Pates,Boothby,NE,133,4,animal droppings,animal droppings,2,,abundance.relocated.shepherdess,A
2022-07-19,Nell Pates,Boothby,NE,233,1,barley,Hordeum distichum,100,,unlisted.precluded.browser,A
2022-07-19,Nell Pates,Boothby,NE,233,1,bare soil,bare soil,40,,unlisted.precluded.browser,A
2022-07-19,Nell Pates,Boothby,NE,233,2,barley,Hordeum distichum,100,,unlisted.precluded.browser,A
2022-07-19,Nell Pates,Boothby,NE,233,2,bare soil,bare soil,35,,unlisted.precluded.browser,A
2022-07-19,Nell Pates,Boothby,NE,233,3,barley,Hordeum distichum,100,,unlisted.precluded.browser,A
2022-07-19,Nell Pates,Boothby,NE,233,3,bare soil,bare soil,50,,unlisted.precluded.browser,A
2022-07-19,Nell Pates,Boothby,NE,233,3,stones,stones,1,,unlisted.precluded.browser,A
2022-07-19,Nell Pates,Boothby,NE,233,4,barley,Hordeum distichum,100,,unlisted.precluded.browser,A
2022-07-19,Nell Pates,Boothby,NE,233,4,bare soil,bare soil,40,,unlisted.precluded.browser,A
2022-07-19,Nell Pates,Boothby,NE,322,1,barley,Hordeum distichum,100,,friend.replenish.shackles,A
2022-07-19,Nell Pates,Boothby,NE,322,1,bare soil,bare soil,35,,friend.replenish.shackles,A
2022-07-19,Nell Pates,Boothby,NE,322,1,galium aparine,Galium aparine,10,,friend.replenish.shackles,A
2022-07-19,Nell Pates,Boothby,NE,322,1,dead stem - fluffly flowers,dead,3,dead,friend.replenish.shackles,A
2022-07-19,Nell Pates,Boothby,NE,322,1,"shoot 1 - serrated leaves, hairy / spiny stem",Urtica urens,1,,friend.replenish.shackles,A
2022-07-19,Nell Pates,Boothby,NE,322,1,shoot 2 - tiny flowers - forget-me-not,Myosotis arvensis,1,,friend.replenish.shackles,A
2022-07-19,Nell Pates,Boothby,NE,322,2,barley,Hordeum distichum,95,,friend.replenish.shackles,A
2022-07-19,Nell Pates,Boothby,NE,322,2,bare soil,bare soil,40,,friend.replenish.shackles,A
2022-07-19,Nell Pates,Boothby,NE,322,2,galium aparine,Galium aparine,5,,friend.replenish.shackles,A
2022-07-19,Nell Pates,Boothby,NE,322,2,shoot - viola arvense?,Viola arvensis,1,,friend.replenish.shackles,A
2022-07-19,Nell Pates,Boothby,NE,322,2,forget-me-not,Myosotis arvensis,0.5,,friend.replenish.shackles,A
2022-07-19,Nell Pates,Boothby,NE,322,2,small fluffy leaves,Veronica chamaedrys,0.5,,friend.replenish.shackles,A
2022-07-19,Nell Pates,Boothby,NE,322,3,barley,Hordeum distichum,95,,friend.replenish.shackles,A
2022-07-19,Nell Pates,Boothby,NE,322,3,bare soil,bare soil,60,,friend.replenish.shackles,A
2022-07-19,Nell Pates,Boothby,NE,322,3,galium aparine,Galium aparine,3,,friend.replenish.shackles,A
2022-07-19,Nell Pates,Boothby,NE,322,3,forget-me-not,Myosotis arvensis,2,,friend.replenish.shackles,A
2022-07-19,Nell Pates,Boothby,NE,322,3,daisy - triplo etc?,Tripleurospermum inodorum,4,,friend.replenish.shackles,A
2022-07-19,Nell Pates,Boothby,NE,322,3,dead stems,dead,5,dead,friend.replenish.shackles,A
2022-07-19,Nell Pates,Boothby,NE,322,4,barley,Hordeum distichum,98,,friend.replenish.shackles,A
2022-07-19,Nell Pates,Boothby,NE,322,4,bare soil,bare soil,30,,friend.replenish.shackles,A
2022-07-19,Nell Pates,Boothby,NE,322,4,dead stems,dead,2,dead,friend.replenish.shackles,A
2022-07-19,Nell Pates,Boothby,NE,322,4,forget-me-not,Myosotis arvensis,1,,friend.replenish.shackles,A
2022-07-19,Nell Pates,Boothby,NE,322,4,"shoot 1 - serrated leaves, hairy / spiny stem",Urtica urens,0.1,,friend.replenish.shackles,A
2022-07-19,Nell Pates,Boothby,NE,322,4,v tall grass,Avena fatua,2,,friend.replenish.shackles,A
2022-07-19,Nell Pates,Boothby,NE,321*,NA,spruce,Picea abies,0,abandoned site - overhang 100,,A
2022-07-19,Nell Pates,Boothby,NE,321*,NA,prunus sp?,Prunus padus,0,abandoned site - overhang 100,,A
2022-07-19,Nell Pates,Boothby,NE,321*,NA,dead leaves,dead leaves,95,abandoned site,,A
2022-07-19,Nell Pates,Boothby,NE,321*,NA,sticks,sticks,20,abandoned site,,A
2022-07-19,Nell Pates,Boothby,NE,321,1,hawthorn,Crataegus monogyna,0,overhang - 50,endings.ferrets.uttering,A
2022-07-19,Nell Pates,Boothby,NE,321,1,tall dead woody stem,dead,1.5,dead,endings.ferrets.uttering,A
2022-07-19,Nell Pates,Boothby,NE,321,1,H lanatus,Holcus lanatus,25,,endings.ferrets.uttering,A
2022-07-19,Nell Pates,Boothby,NE,321,1,bramble,Rubus fructicosus,5,,endings.ferrets.uttering,A
2022-07-19,Nell Pates,Boothby,NE,321,1,moss,moss,65,,endings.ferrets.uttering,A
2022-07-19,Nell Pates,Boothby,NE,321,1,Rumex sp,Rumex conglomeratus,8,,endings.ferrets.uttering,A
2022-07-19,Nell Pates,Boothby,NE,321,1,bare soil,bare soil,20,,endings.ferrets.uttering,A
2022-07-19,Nell Pates,Boothby,NE,321,1,feather,feather,1.5,,endings.ferrets.uttering,A
2022-07-19,Nell Pates,Boothby,NE,321,1,Epilobium sp?,Epilobium ciliatum,0.1,,endings.ferrets.uttering,A
2022-07-19,Nell Pates,Boothby,NE,321,1,woody seedling 1,Rosaceae sp,4,,endings.ferrets.uttering,A
2022-07-19,Nell Pates,Boothby,NE,321,2,hawthorn,Crataegus monogyna,0,overhang - 50,endings.ferrets.uttering,A
2022-07-19,Nell Pates,Boothby,NE,321,2,H lanatus,Holcus lanatus,8,,endings.ferrets.uttering,A
2022-07-19,Nell Pates,Boothby,NE,321,2,bramble,Rubus fructicosus,4,,endings.ferrets.uttering,A
2022-07-19,Nell Pates,Boothby,NE,321,2,moss,moss,95,,endings.ferrets.uttering,A
2022-07-19,Nell Pates,Boothby,NE,321,2,Rumex sp,Rumex conglomeratus,9,,endings.ferrets.uttering,A
2022-07-19,Nell Pates,Boothby,NE,321,2,bare soil,bare soil,1,,endings.ferrets.uttering,A
2022-07-19,Nell Pates,Boothby,NE,321,2,woody seedling 1,Rosaceae sp,2,,endings.ferrets.uttering,A
2022-07-19,Nell Pates,Boothby,NE,321,2,sapling,Crataegus monogyna,1,,endings.ferrets.uttering,A
2022-07-19,Nell Pates,Boothby,NE,321,2,Epilobium sp?,Epilobium parviflorum,1.5,,endings.ferrets.uttering,A
2022-07-19,Nell Pates,Boothby,NE,321,2,woody seedling 2,Rosaceae sp,2,,endings.ferrets.uttering,A
2022-07-19,Nell Pates,Boothby,NE,321,3,hawthorn,Crataegus monogyna,0,overhang - 50,endings.ferrets.uttering,A
2022-07-19,Nell Pates,Boothby,NE,321,3,grass 2 - smooth,Festuca rubra,1,,endings.ferrets.uttering,A
2022-07-19,Nell Pates,Boothby,NE,321,3,H lanatus,Holcus lanatus,0.5,,endings.ferrets.uttering,A
2022-07-19,Nell Pates,Boothby,NE,321,3,bramble,Rubus fructicosus,2,,endings.ferrets.uttering,A
2022-07-19,Nell Pates,Boothby,NE,321,3,moss,moss,98,,endings.ferrets.uttering,A
2022-07-19,Nell Pates,Boothby,NE,321,3,Rumex sp,Rumex conglomeratus,4,,endings.ferrets.uttering,A
2022-07-19,Nell Pates,Boothby,NE,321,3,sticks,sticks,10,,endings.ferrets.uttering,A
2022-07-19,Nell Pates,Boothby,NE,321,3,dead leaves,dead leaves,5,,endings.ferrets.uttering,A
2022-07-19,Nell Pates,Boothby,NE,321,3,woody seedling 1,Rosaceae sp,3,,endings.ferrets.uttering,A
2022-07-19,Nell Pates,Boothby,NE,321,3,thistle,Cirsium vulgare,6,,endings.ferrets.uttering,A
2022-07-19,Nell Pates,Boothby,NE,321,3,vetch,Vicia hirsuta,0.1,,endings.ferrets.uttering,A
2022-07-19,Nell Pates,Boothby,NE,321,4,hawthorn,Crataegus monogyna,0,overhang - 50,endings.ferrets.uttering,A
2022-07-19,Nell Pates,Boothby,NE,321,4,H lanatus,Holcus lanatus,3,,endings.ferrets.uttering,A
2022-07-19,Nell Pates,Boothby,NE,321,4,bramble,Rubus fructicosus,1.5,,endings.ferrets.uttering,A
2022-07-19,Nell Pates,Boothby,NE,321,4,moss,moss,95,,endings.ferrets.uttering,A
2022-07-19,Nell Pates,Boothby,NE,321,4,Rumex sp,Rumex conglomeratus,7,,endings.ferrets.uttering,A
2022-07-19,Nell Pates,Boothby,NE,321,4,sticks,sticks,3,,endings.ferrets.uttering,A
2022-07-19,Nell Pates,Boothby,NE,321,4,thistle,Cirsium vulgare,3,,endings.ferrets.uttering,A
2022-07-19,Nell Pates,Boothby,NE,321,4,Epilobium sp?,Epilobium ciliatum,2,,endings.ferrets.uttering,A
2022-07-19,Nell Pates,Boothby,NE,321,4,woody seedling 2,Rosaceae sp,5,,endings.ferrets.uttering,A
2022-07-19,Nell Pates,Boothby,NE,321,4,bare soil,bare soil,3,,endings.ferrets.uttering,A
,Nell Pates,Boothby,C,323,1,wheat,Triticum aestivum,85,,,B
,Nell Pates,Boothby,C,323,1,bare soil,bare soil,60,,,B
,Nell Pates,Boothby,C,323,2,wheat,Triticum aestivum,85,,,B
,Nell Pates,Boothby,C,323,2,bare soil,bare soil,60,,,B
,Nell Pates,Boothby,C,323,3,wheat,Triticum aestivum,85,,,B
,Nell Pates,Boothby,C,323,3,bare soil,bare soil,60,,,B
,Nell Pates,Boothby,C,323,4,wheat,Triticum aestivum,85,,,B
,Nell Pates,Boothby,C,323,4,bare soil,bare soil,60,,,B
,Nell Pates,Boothby,C,332,1,wheat,Triticum aestivum,85,,,B
,Nell Pates,Boothby,C,332,1,bare soil,bare soil,60,,,B
,Nell Pates,Boothby,C,332,2,wheat,Triticum aestivum,85,,,B
,Nell Pates,Boothby,C,332,2,bare soil,bare soil,60,,,B
,Nell Pates,Boothby,C,332,3,wheat,Triticum aestivum,85,,,B
,Nell Pates,Boothby,C,332,3,bare soil,bare soil,60,,,B
,Nell Pates,Boothby,C,332,4,wheat,Triticum aestivum,85,,,B
,Nell Pates,Boothby,C,332,4,bare soil,bare soil,60,,,B
,Nell Pates,Boothby,S,113,1,wheat,Triticum aestivum,85,,,B
,Nell Pates,Boothby,S,113,1,bare soil,bare soil,60,,,B
,Nell Pates,Boothby,S,113,2,wheat,Triticum aestivum,85,,,B
,Nell Pates,Boothby,S,113,2,bare soil,bare soil,60,,,B
,Nell Pates,Boothby,S,113,3,wheat,Triticum aestivum,85,,,B
,Nell Pates,Boothby,S,113,3,bare soil,bare soil,60,,,B
,Nell Pates,Boothby,S,113,4,wheat,Triticum aestivum,85,,,B
,Nell Pates,Boothby,S,113,4,bare soil,bare soil,60,,,B
,Nell Pates,Boothby,S,131,1,wheat,Triticum aestivum,85,,,B
,Nell Pates,Boothby,S,131,1,bare soil,bare soil,60,,,B
,Nell Pates,Boothby,S,131,2,wheat,Triticum aestivum,85,,,B
,Nell Pates,Boothby,S,131,2,bare soil,bare soil,60,,,B
,Nell Pates,Boothby,S,131,3,wheat,Triticum aestivum,85,,,B
,Nell Pates,Boothby,S,131,3,bare soil,bare soil,60,,,B
,Nell Pates,Boothby,S,131,4,wheat,Triticum aestivum,85,,,B
,Nell Pates,Boothby,S,131,4,bare soil,bare soil,60,,,B
,Nell Pates,Boothby,S,311,1,barley,Hordeum distichum,95,,,B
,Nell Pates,Boothby,S,311,1,bare soil,bare soil,55,,,B
,Nell Pates,Boothby,S,311,2,barley,Hordeum distichum,95,,,B
,Nell Pates,Boothby,S,311,2,bare soil,bare soil,55,,,B
,Nell Pates,Boothby,S,311,3,barley,Hordeum distichum,95,,,B
,Nell Pates,Boothby,S,311,3,bare soil,bare soil,55,,,B
,Nell Pates,Boothby,S,311,4,barley,Hordeum distichum,95,,,B
,Nell Pates,Boothby,S,311,4,bare soil,bare soil,55,,,B
,Nell Pates,Boothby,S,212,1,wheat,Triticum aestivum,85,,,B
,Nell Pates,Boothby,S,212,1,bare soil,bare soil,60,,,B
,Nell Pates,Boothby,S,212,2,wheat,Triticum aestivum,85,,,B
,Nell Pates,Boothby,S,212,2,bare soil,bare soil,60,,,B
,Nell Pates,Boothby,S,212,3,wheat,Triticum aestivum,85,,,B
,Nell Pates,Boothby,S,212,3,bare soil,bare soil,60,,,B
,Nell Pates,Boothby,S,212,4,wheat,Triticum aestivum,85,,,B
,Nell Pates,Boothby,S,212,4,bare soil,bare soil,60,,,B
,Nell Pates,Boothby,S,221,1,wheat,Triticum aestivum,85,,,B
,Nell Pates,Boothby,S,221,1,bare soil,bare soil,60,,,B
,Nell Pates,Boothby,S,221,2,wheat,Triticum aestivum,85,,,B
,Nell Pates,Boothby,S,221,2,bare soil,bare soil,60,,,B
,Nell Pates,Boothby,S,221,3,wheat,Triticum aestivum,85,,,B
,Nell Pates,Boothby,S,221,3,bare soil,bare soil,60,,,B
,Nell Pates,Boothby,S,221,4,wheat,Triticum aestivum,85,,,B
,Nell Pates,Boothby,S,221,4,bare soil,bare soil,60,,,B
,Nell Pates,Boothby,NE,211,1,barley,Hordeum distichum,95,,,B
,Nell Pates,Boothby,NE,211,1,bare soil,bare soil,55,,,B
,Nell Pates,Boothby,NE,211,2,barley,Hordeum distichum,95,,,B
,Nell Pates,Boothby,NE,211,2,bare soil,bare soil,55,,,B
,Nell Pates,Boothby,NE,211,3,barley,Hordeum distichum,95,,,B
,Nell Pates,Boothby,NE,211,3,bare soil,bare soil,55,,,B
,Nell Pates,Boothby,NE,211,4,barley,Hordeum distichum,95,,,B
,Nell Pates,Boothby,NE,211,4,bare soil,bare soil,55,,,B
,Nell Pates,Boothby,NE,212,1,barley,Hordeum distichum,95,,,B
,Nell Pates,Boothby,NE,212,1,bare soil,bare soil,55,,,B
,Nell Pates,Boothby,NE,212,2,barley,Hordeum distichum,95,,,B
,Nell Pates,Boothby,NE,212,2,bare soil,bare soil,55,,,B
,Nell Pates,Boothby,NE,212,3,barley,Hordeum distichum,95,,,B
,Nell Pates,Boothby,NE,212,3,bare soil,bare soil,55,,,B
,Nell Pates,Boothby,NE,212,4,barley,Hordeum distichum,95,,,B
,Nell Pates,Boothby,NE,212,4,bare soil,bare soil,55,,,B
,Nell Pates,Boothby,NE,221,1,barley,Hordeum distichum,95,,,B
,Nell Pates,Boothby,NE,221,1,bare soil,bare soil,55,,,B
,Nell Pates,Boothby,NE,221,2,barley,Hordeum distichum,95,,,B
,Nell Pates,Boothby,NE,221,2,bare soil,bare soil,55,,,B
,Nell Pates,Boothby,NE,221,3,barley,Hordeum distichum,95,,,B
,Nell Pates,Boothby,NE,221,3,bare soil,bare soil,55,,,B
,Nell Pates,Boothby,NE,221,4,barley,Hordeum distichum,95,,,B
,Nell Pates,Boothby,NE,221,4,bare soil,bare soil,55,,,B
,Nell Pates,Boothby,NE,232,1,barley,Hordeum distichum,95,,,B
,Nell Pates,Boothby,NE,232,1,bare soil,bare soil,55,,,B
,Nell Pates,Boothby,NE,232,2,barley,Hordeum distichum,95,,,B
,Nell Pates,Boothby,NE,232,2,bare soil,bare soil,55,,,B
,Nell Pates,Boothby,NE,232,3,barley,Hordeum distichum,95,,,B
,Nell Pates,Boothby,NE,232,3,bare soil,bare soil,55,,,B
,Nell Pates,Boothby,NE,232,4,barley,Hordeum distichum,95,,,B
,Nell Pates,Boothby,NE,232,4,bare soil,bare soil,55,,,B
,Nell Pates,Boothby,S,123,1,barley,Hordeum distichum,95,,,B
,Nell Pates,Boothby,S,123,1,bare soil,bare soil,55,,,B
,Nell Pates,Boothby,S,123,2,barley,Hordeum distichum,95,,,B
,Nell Pates,Boothby,S,123,2,bare soil,bare soil,55,,,B
,Nell Pates,Boothby,S,123,3,barley,Hordeum distichum,95,,,B
,Nell Pates,Boothby,S,123,3,bare soil,bare soil,55,,,B
,Nell Pates,Boothby,S,123,4,barley,Hordeum distichum,95,,,B
,Nell Pates,Boothby,S,123,4,bare soil,bare soil,55,,,B
,Nell Pates,Boothby,C,112,1,beans,Vicia faba,95,,,B
,Nell Pates,Boothby,C,112,1,bare soil,bare soil,80,,,B
,Nell Pates,Boothby,C,112,2,beans,Vicia faba,95,,,B
,Nell Pates,Boothby,C,112,2,bare soil,bare soil,80,,,B
,Nell Pates,Boothby,C,112,3,beans,Vicia faba,95,,,B
,Nell Pates,Boothby,C,112,3,bare soil,bare soil,80,,,B
,Nell Pates,Boothby,C,112,4,beans,Vicia faba,95,,,B
,Nell Pates,Boothby,C,112,4,bare soil,bare soil,80,,,B
,Nell Pates,Boothby,NE,323,1,barley,Hordeum distichum,95,,,B
,Nell Pates,Boothby,NE,323,1,bare soil,bare soil,55,,,B
,Nell Pates,Boothby,NE,323,1,viola,Viola arvensis,10,,,B
,Nell Pates,Boothby,NE,323,2,barley,Hordeum distichum,95,,,B
,Nell Pates,Boothby,NE,323,2,bare soil,bare soil,55,,,B
,Nell Pates,Boothby,NE,323,2,viola,Viola arvensis,10,,,B
,Nell Pates,Boothby,NE,323,3,barley,Hordeum distichum,95,,,B
,Nell Pates,Boothby,NE,323,3,bare soil,bare soil,55,,,B
,Nell Pates,Boothby,NE,323,3,viola,Viola arvensis,10,,,B
,Nell Pates,Boothby,NE,323,4,barley,Hordeum distichum,95,,,B
,Nell Pates,Boothby,NE,323,4,bare soil,bare soil,55,,,B
,Nell Pates,Boothby,NE,323,4,viola,Viola arvensis,10,,,B
,Nell Pates,Boothby,NW,121,1,beans,Vicia faba,95,,,C
,Nell Pates,Boothby,NW,121,1,bare soil,bare soil,80,,,C
,Nell Pates,Boothby,NW,121,2,beans,Vicia faba,95,,,C
,Nell Pates,Boothby,NW,121,2,bare soil,bare soil,80,,,C
,Nell Pates,Boothby,NW,121,3,beans,Vicia faba,95,,,C
,Nell Pates,Boothby,NW,121,3,bare soil,bare soil,80,,,C
,Nell Pates,Boothby,NW,121,4,beans,Vicia faba,95,,,C
,Nell Pates,Boothby,NW,121,4,bare soil,bare soil,80,,,C
,Nell Pates,Boothby,NW,123,1,beans,Vicia faba,95,,,C
,Nell Pates,Boothby,NW,123,1,bare soil,bare soil,80,,,C
,Nell Pates,Boothby,NW,123,2,beans,Vicia faba,95,,,C
,Nell Pates,Boothby,NW,123,2,bare soil,bare soil,80,,,C
,Nell Pates,Boothby,NW,123,3,beans,Vicia faba,95,,,C
,Nell Pates,Boothby,NW,123,3,bare soil,bare soil,80,,,C
,Nell Pates,Boothby,NW,123,4,beans,Vicia faba,95,,,C
,Nell Pates,Boothby,NW,123,4,bare soil,bare soil,80,,,C
,Nell Pates,Boothby,NW,131,1,beans,Vicia faba,95,,,C
,Nell Pates,Boothby,NW,131,1,bare soil,bare soil,80,,,C
,Nell Pates,Boothby,NW,131,2,beans,Vicia faba,95,,,C
,Nell Pates,Boothby,NW,131,2,bare soil,bare soil,80,,,C
,Nell Pates,Boothby,NW,131,3,beans,Vicia faba,95,,,C
,Nell Pates,Boothby,NW,131,3,bare soil,bare soil,80,,,C
,Nell Pates,Boothby,NW,131,4,beans,Vicia faba,95,,,C
,Nell Pates,Boothby,NW,131,4,bare soil,bare soil,80,,,C
,Nell Pates,Boothby,NW,132,1,beans,Vicia faba,95,,,C
,Nell Pates,Boothby,NW,132,1,bare soil,bare soil,80,,,C
,Nell Pates,Boothby,NW,132,2,beans,Vicia faba,95,,,C
,Nell Pates,Boothby,NW,132,2,bare soil,bare soil,80,,,C
,Nell Pates,Boothby,NW,132,3,beans,Vicia faba,95,,,C
,Nell Pates,Boothby,NW,132,3,bare soil,bare soil,80,,,C
,Nell Pates,Boothby,NW,132,4,beans,Vicia faba,95,,,C
,Nell Pates,Boothby,NW,132,4,bare soil,bare soil,80,,,C
,Nell Pates,Boothby,NW,213,1,beans,Vicia faba,95,,,C
,Nell Pates,Boothby,NW,213,1,bare soil,bare soil,80,,,C
,Nell Pates,Boothby,NW,213,2,beans,Vicia faba,95,,,C
,Nell Pates,Boothby,NW,213,2,bare soil,bare soil,80,,,C
,Nell Pates,Boothby,NW,213,3,beans,Vicia faba,95,,,C
,Nell Pates,Boothby,NW,213,3,bare soil,bare soil,80,,,C
,Nell Pates,Boothby,NW,213,4,beans,Vicia faba,95,,,C
,Nell Pates,Boothby,NW,213,4,bare soil,bare soil,80,,,C
,Nell Pates,Boothby,NW,221,1,beans,Vicia faba,95,,,C
,Nell Pates,Boothby,NW,221,1,bare soil,bare soil,80,,,C
,Nell Pates,Boothby,NW,221,2,beans,Vicia faba,95,,,C
,Nell Pates,Boothby,NW,221,2,bare soil,bare soil,80,,,C
,Nell Pates,Boothby,NW,221,3,beans,Vicia faba,95,,,C
,Nell Pates,Boothby,NW,221,3,bare soil,bare soil,80,,,C
,Nell Pates,Boothby,NW,221,4,beans,Vicia faba,95,,,C
,Nell Pates,Boothby,NW,221,4,bare soil,bare soil,80,,,C
,Nell Pates,Boothby,NW,223,1,beans,Vicia faba,95,,,C
,Nell Pates,Boothby,NW,223,1,bare soil,bare soil,80,,,C
,Nell Pates,Boothby,NW,223,2,beans,Vicia faba,95,,,C
,Nell Pates,Boothby,NW,223,2,bare soil,bare soil,80,,,C
,Nell Pates,Boothby,NW,223,3,beans,Vicia faba,95,,,C
,Nell Pates,Boothby,NW,223,3,bare soil,bare soil,80,,,C
,Nell Pates,Boothby,NW,223,4,beans,Vicia faba,95,,,C
,Nell Pates,Boothby,NW,223,4,bare soil,bare soil,80,,,C
,Nell Pates,Boothby,NW,231,1,beans,Vicia faba,95,,,C
,Nell Pates,Boothby,NW,231,1,bare soil,bare soil,80,,,C
,Nell Pates,Boothby,NW,231,2,beans,Vicia faba,95,,,C
,Nell Pates,Boothby,NW,231,2,bare soil,bare soil,80,,,C
,Nell Pates,Boothby,NW,231,3,beans,Vicia faba,95,,,C
,Nell Pates,Boothby,NW,231,3,bare soil,bare soil,80,,,C
,Nell Pates,Boothby,NW,231,4,beans,Vicia faba,95,,,C
,Nell Pates,Boothby,NW,231,4,bare soil,bare soil,80,,,C
,Nell Pates,Boothby,NW,232,1,beans,Vicia faba,95,,,C
,Nell Pates,Boothby,NW,232,1,bare soil,bare soil,80,,,C
,Nell Pates,Boothby,NW,232,2,beans,Vicia faba,95,,,C
,Nell Pates,Boothby,NW,232,2,bare soil,bare soil,80,,,C
,Nell Pates,Boothby,NW,232,3,beans,Vicia faba,95,,,C
,Nell Pates,Boothby,NW,232,3,bare soil,bare soil,80,,,C
,Nell Pates,Boothby,NW,232,4,beans,Vicia faba,95,,,C
,Nell Pates,Boothby,NW,232,4,bare soil,bare soil,80,,,C
,Nell Pates,Boothby,NW,312,1,wheat,Triticum aestivum,85,,,C
,Nell Pates,Boothby,NW,312,1,bare soil,bare soil,60,,,C
,Nell Pates,Boothby,NW,312,2,wheat,Triticum aestivum,85,,,C
,Nell Pates,Boothby,NW,312,2,bare soil,bare soil,60,,,C
,Nell Pates,Boothby,NW,312,3,wheat,Triticum aestivum,85,,,C
,Nell Pates,Boothby,NW,312,3,bare soil,bare soil,60,,,C
,Nell Pates,Boothby,NW,312,4,wheat,Triticum aestivum,85,,,C
,Nell Pates,Boothby,NW,312,4,bare soil,bare soil,60,,,C
,Nell Pates,Boothby,NW,332,1,wheat,Triticum aestivum,85,,,C
,Nell Pates,Boothby,NW,332,1,bare soil,bare soil,60,,,C
,Nell Pates,Boothby,NW,332,2,wheat,Triticum aestivum,85,,,C
,Nell Pates,Boothby,NW,332,2,bare soil,bare soil,60,,,C
,Nell Pates,Boothby,NW,332,3,wheat,Triticum aestivum,85,,,C
,Nell Pates,Boothby,NW,332,3,bare soil,bare soil,60,,,C
,Nell Pates,Boothby,NW,332,4,wheat,Triticum aestivum,85,,,C
,Nell Pates,Boothby,NW,332,4,bare soil,bare soil,60,,,C
,Nell Pates,Boothby,C,131,1,beans,Vicia faba,95,,,C
,Nell Pates,Boothby,C,131,1,bare soil,bare soil,80,,,C
,Nell Pates,Boothby,C,131,2,beans,Vicia faba,95,,,C
,Nell Pates,Boothby,C,131,2,bare soil,bare soil,80,,,C
,Nell Pates,Boothby,C,131,3,beans,Vicia faba,95,,,C
,Nell Pates,Boothby,C,131,3,bare soil,bare soil,80,,,C
,Nell Pates,Boothby,C,131,4,beans,Vicia faba,95,,,C
,Nell Pates,Boothby,C,131,4,bare soil,bare soil,80,,,C
,Nell Pates,Boothby,C,132,1,beans,Vicia faba,95,,,C
,Nell Pates,Boothby,C,132,1,bare soil,bare soil,80,,,C
,Nell Pates,Boothby,C,132,2,beans,Vicia faba,95,,,C
,Nell Pates,Boothby,C,132,2,bare soil,bare soil,80,,,C
,Nell Pates,Boothby,C,132,3,beans,Vicia faba,95,,,C
,Nell Pates,Boothby,C,132,3,bare soil,bare soil,80,,,C
,Nell Pates,Boothby,C,132,4,beans,Vicia faba,95,,,C
,Nell Pates,Boothby,C,132,4,bare soil,bare soil,80,,,C
,Nell Pates,Boothby,C,313,1,wheat,Triticum aestivum,85,,,C
,Nell Pates,Boothby,C,313,1,bare soil,bare soil,60,,,C
,Nell Pates,Boothby,C,313,2,wheat,Triticum aestivum,85,,,C
,Nell Pates,Boothby,C,313,2,bare soil,bare soil,60,,,C
,Nell Pates,Boothby,C,313,3,wheat,Triticum aestivum,85,,,C
,Nell Pates,Boothby,C,313,3,bare soil,bare soil,60,,,C
,Nell Pates,Boothby,C,313,4,wheat,Triticum aestivum,85,,,C
,Nell Pates,Boothby,C,313,4,bare soil,bare soil,60,,,C
,Nell Pates,Boothby,C,321,1,wheat,Triticum aestivum,85,,,C
,Nell Pates,Boothby,C,321,1,bare soil,bare soil,60,,,C
,Nell Pates,Boothby,C,321,2,wheat,Triticum aestivum,85,,,C
,Nell Pates,Boothby,C,321,2,bare soil,bare soil,60,,,C
,Nell Pates,Boothby,C,321,3,wheat,Triticum aestivum,85,,,C
,Nell Pates,Boothby,C,321,3,bare soil,bare soil,60,,,C
,Nell Pates,Boothby,C,321,4,wheat,Triticum aestivum,85,,,C
,Nell Pates,Boothby,C,321,4,bare soil,bare soil,60,,,C
,Nell Pates,Boothby,C,331,1,wheat,Triticum aestivum,85,,,C
,Nell Pates,Boothby,C,331,1,bare soil,bare soil,60,,,C
,Nell Pates,Boothby,C,331,2,wheat,Triticum aestivum,85,,,C
,Nell Pates,Boothby,C,331,2,bare soil,bare soil,60,,,C
,Nell Pates,Boothby,C,331,3,wheat,Triticum aestivum,85,,,C
,Nell Pates,Boothby,C,331,3,bare soil,bare soil,60,,,C
,Nell Pates,Boothby,C,331,4,wheat,Triticum aestivum,85,,,C
,Nell Pates,Boothby,C,331,4,bare soil,bare soil,60,,,C
,Nell Pates,Boothby,NE,223,1,barley,Hordeum distichum,95,,,C
,Nell Pates,Boothby,NE,223,1,bare soil,bare soil,55,,,C
,Nell Pates,Boothby,NE,223,2,barley,Hordeum distichum,95,,,C
,Nell Pates,Boothby,NE,223,2,bare soil,bare soil,55,,,C
,Nell Pates,Boothby,NE,223,3,barley,Hordeum distichum,95,,,C
,Nell Pates,Boothby,NE,223,3,bare soil,bare soil,55,,,C
,Nell Pates,Boothby,NE,223,4,barley,Hordeum distichum,95,,,C
,Nell Pates,Boothby,NE,223,4,bare soil,bare soil,55,,,C
,Nell Pates,Boothby,NE,231,1,barley,Hordeum distichum,95,,,C
,Nell Pates,Boothby,NE,231,1,bare soil,bare soil,55,,,C
,Nell Pates,Boothby,NE,231,2,barley,Hordeum distichum,95,,,C
,Nell Pates,Boothby,NE,231,2,bare soil,bare soil,55,,,C
,Nell Pates,Boothby,NE,231,3,barley,Hordeum distichum,95,,,C
,Nell Pates,Boothby,NE,231,3,bare soil,bare soil,55,,,C
,Nell Pates,Boothby,NE,231,4,barley,Hordeum distichum,95,,,C
,Nell Pates,Boothby,NE,231,4,bare soil,bare soil,55,,,C
,Nell Pates,Boothby,NE,132,1,barley,Hordeum distichum,95,,,C
,Nell Pates,Boothby,NE,132,1,bare soil,bare soil,55,,,C
,Nell Pates,Boothby,NE,132,2,barley,Hordeum distichum,95,,,C
,Nell Pates,Boothby,NE,132,2,bare soil,bare soil,55,,,C
,Nell Pates,Boothby,NE,132,3,barley,Hordeum distichum,95,,,C
,Nell Pates,Boothby,NE,132,3,bare soil,bare soil,55,,,C
,Nell Pates,Boothby,NE,132,4,barley,Hordeum distichum,95,,,C
,Nell Pates,Boothby,NE,132,4,bare soil,bare soil,55,,,C
,Nell Pates,Boothby,NE,331,1,barley,Hordeum distichum,95,,,C
,Nell Pates,Boothby,NE,331,1,bare soil,bare soil,55,,,C
,Nell Pates,Boothby,NE,331,2,barley,Hordeum distichum,95,,,C
,Nell Pates,Boothby,NE,331,2,bare soil,bare soil,55,,,C
,Nell Pates,Boothby,NE,331,3,barley,Hordeum distichum,95,,,C
,Nell Pates,Boothby,NE,331,3,bare soil,bare soil,55,,,C
,Nell Pates,Boothby,NE,331,4,barley,Hordeum distichum,95,,,C
,Nell Pates,Boothby,NE,331,4,bare soil,bare soil,55,,,C
,Nell Pates,Boothby,NE,332,1,barley,Hordeum distichum,95,,,C
,Nell Pates,Boothby,NE,332,1,bare soil,bare soil,55,,,C
,Nell Pates,Boothby,NE,332,2,barley,Hordeum distichum,95,,,C
,Nell Pates,Boothby,NE,332,2,bare soil,bare soil,55,,,C
,Nell Pates,Boothby,NE,332,3,barley,Hordeum distichum,95,,,C
,Nell Pates,Boothby,NE,332,3,bare soil,bare soil,55,,,C
,Nell Pates,Boothby,NE,332,4,barley,Hordeum distichum,95,,,C
,Nell Pates,Boothby,NE,332,4,bare soil,bare soil,55,,,C
,Nell Pates,Boothby,S,112,1,wheat,Triticum aestivum,85,,,C
,Nell Pates,Boothby,S,112,1,bare soil,bare soil,60,,,C
,Nell Pates,Boothby,S,112,2,wheat,Triticum aestivum,85,,,C
,Nell Pates,Boothby,S,112,2,bare soil,bare soil,60,,,C
,Nell Pates,Boothby,S,112,3,wheat,Triticum aestivum,85,,,C
,Nell Pates,Boothby,S,112,3,bare soil,bare soil,60,,,C
,Nell Pates,Boothby,S,112,4,wheat,Triticum aestivum,85,,,C
,Nell Pates,Boothby,S,112,4,bare soil,bare soil,60,,,C
,Nell Pates,Boothby,S,121,1,wheat,Triticum aestivum,85,,,C
,Nell Pates,Boothby,S,121,1,bare soil,bare soil,60,,,C
,Nell Pates,Boothby,S,121,2,wheat,Triticum aestivum,85,,,C
,Nell Pates,Boothby,S,121,2,bare soil,bare soil,60,,,C
,Nell Pates,Boothby,S,121,3,wheat,Triticum aestivum,85,,,C
,Nell Pates,Boothby,S,121,3,bare soil,bare soil,60,,,C
,Nell Pates,Boothby,S,121,4,wheat,Triticum aestivum,85,,,C
,Nell Pates,Boothby,S,121,4,bare soil,bare soil,60,,,C
,Nell Pates,Boothby,S,223,1,wheat,Triticum aestivum,85,,,C
,Nell Pates,Boothby,S,223,1,bare soil,bare soil,60,,,C
,Nell Pates,Boothby,S,223,2,wheat,Triticum aestivum,85,,,C
,Nell Pates,Boothby,S,223,2,bare soil,bare soil,60,,,C
,Nell Pates,Boothby,S,223,3,wheat,Triticum aestivum,85,,,C
,Nell Pates,Boothby,S,223,3,bare soil,bare soil,60,,,C
,Nell Pates,Boothby,S,223,4,wheat,Triticum aestivum,85,,,C
,Nell Pates,Boothby,S,223,4,bare soil,bare soil,60,,,C
,Nell Pates,Boothby,S,231,1,wheat,Triticum aestivum,85,,,C
,Nell Pates,Boothby,S,231,1,bare soil,bare soil,60,,,C
,Nell Pates,Boothby,S,231,2,wheat,Triticum aestivum,85,,,C
,Nell Pates,Boothby,S,231,2,bare soil,bare soil,60,,,C
,Nell Pates,Boothby,S,231,3,wheat,Triticum aestivum,85,,,C
,Nell Pates,Boothby,S,231,3,bare soil,bare soil,60,,,C
,Nell Pates,Boothby,S,231,4,wheat,Triticum aestivum,85,,,C
,Nell Pates,Boothby,S,231,4,bare soil,bare soil,60,,,C
,Nell Pates,Boothby,S,232,1,wheat,Triticum aestivum,85,,,C
,Nell Pates,Boothby,S,232,1,bare soil,bare soil,60,,,C
,Nell Pates,Boothby,S,232,2,wheat,Triticum aestivum,85,,,C
,Nell Pates,Boothby,S,232,2,bare soil,bare soil,60,,,C
,Nell Pates,Boothby,S,232,3,wheat,Triticum aestivum,85,,,C
,Nell Pates,Boothby,S,232,3,bare soil,bare soil,60,,,C
,Nell Pates,Boothby,S,232,4,wheat,Triticum aestivum,85,,,C
,Nell Pates,Boothby,S,232,4,bare soil,bare soil,60,,,C
,Nell Pates,Boothby,S,312,1,barley,Hordeum distichum,95,,,C
,Nell Pates,Boothby,S,312,1,bare soil,bare soil,55,,,C
,Nell Pates,Boothby,S,312,2,barley,Hordeum distichum,95,,,C
,Nell Pates,Boothby,S,312,2,bare soil,bare soil,55,,,C
,Nell Pates,Boothby,S,312,3,barley,Hordeum distichum,95,,,C
,Nell Pates,Boothby,S,312,3,bare soil,bare soil,55,,,C
,Nell Pates,Boothby,S,312,4,barley,Hordeum distichum,95,,,C
,Nell Pates,Boothby,S,312,4,bare soil,bare soil,55,,,C